--
-- Base de données :  "playqi"
--

BEGIN;

ALTER TABLE "answer"
    DROP CONSTRAINT answer_question_id_fkey;

--
-- Déchargement des données de la table "answer"
--

INSERT INTO "answer" ("id", "description", "question_id") VALUES
(1, 'Le lion', 1),
(2, 'Le léopard', 2),
(3, 'Plus elle est foncée, plus le lion est en bonne santé', 3),
(4, 'Il replie ses oreilles', 4),
(5, 'Le tigron', 5),
(6, 'Ses amples poumons', 6),
(7, '75 km/h', 7),
(8, 'Le chat à tête plate', 8),
(9, 'Ils sont originaires d''Afrique', 9),
(10, 'D''Amérique', 10),
(11, 'Thaïlande', 11),
(12, 'Le hamster', 12),
(13, 'La souris mâle', 13),
(14, 'La gerbille est plus grande que la souris', 14),
(15, '15 à 20', 15),
(16, 'Le lapin nain angora anglais', 16),
(17, 'La bronchite', 17),
(18, 'Amasser', 18),
(19, 'Elles étaient mangées lors des banquets', 19),
(20, 'La souris', 20),
(21, 'Le chat', 21),
(22, 'Ils ont trouvé énormément de fossiles', 22),
(23, 'C''est le nom de la région où il vivait', 23),
(24, 'Un grand élan', 24),
(25, 'Il y a 6 000 ans', 25),
(26, 'Thylacine', 26),
(27, '8 mètres', 27),
(28, '7 mètres', 28),
(29, 'Le koala', 29),
(30, 'Elle provoquait des hallucinations', 30),
(31, 'L''histoire de la magie', 31),
(32, '6', 32),
(33, 'D pour Désolant', 33),
(34, 'En bois de vigne et ventricule de dragon', 34),
(35, '« Avada Kedavra »', 35),
(36, 'En croisant les yeux jaunes du Basilic de la Chambre des secrets', 36),
(37, '"Nolite te bastardes carborundorum"', 37),
(38, 'Fizwizbiz', 38),
(39, 'Neville Longdubat', 39),
(40, 'Le Gallion d''or, la Mornille d''argent, la Noise de bronze', 40),
(41, 'Peg', 41),
(42, 'Victoire dans les Airs', 42),
(43, 'Popelka', 43),
(44, 'Pas de problème', 44),
(45, 'Pinnochio', 45),
(46, '1001 Pattes', 46),
(47, 'Cléo', 47),
(48, '1953', 48),
(49, 'Percy', 49),
(50, 'Le Monde de Némo', 50),
(51, 'Les Visiteurs', 51),
(52, 'La Cité de la Peur', 52),
(53, 'OSS 117 : Le Caire, nid d''espions', 53),
(54, 'Les Bronzés', 54),
(55, 'La Bête Humaine', 55),
(56, 'Le Fabuleux destin d''Amélie Poulain', 56),
(57, 'Le Cinquième Élément', 57),
(58, 'Le Dîner de cons', 58),
(59, 'La Vérité si je mens !', 59),
(60, 'L''amour dure 3 ans', 60),
(61, 'Selon la position du Soleil et l’endroit où elle est née', 61),
(62, 'La façon dont les autres nous perçoivent', 62),
(63, 'Grâce au signe de la mère, d''où son nom', 63),
(64, 'L''Air', 64),
(65, 'Capricorne', 65),
(66, 'Femme Bélier et homme Sagittaire', 66),
(67, 'Les Vierge', 67),
(68, 'Un signe très ancien, abandonné depuis l''Antiquité', 68),
(69, 'En additionnant sa date de naissance et l''année en cours ', 69),
(70, 'Une conjonction de planètes, qui arrive tous les 12 ans, et met la pagaille chez les natifs d''un signe différent chaque année', 70),
(71, 'Le Compas de bronze', 71),
(72, 'Il est en forme de bateau', 72),
(73, 'Avoir prouvé que la construction d''un bâtiment aux formes fantaisistes était possible', 73),
(74, 'À Singapour', 74),
(75, 'Porto', 75),
(76, 'L''Opéra de Vienne', 76),
(77, 'À Abu Dhabi, aux Émirats Arabes Unis', 77),
(78, 'SANAA', 78),
(79, 'Au centre Pompidou-Metz', 79),
(80, 'Détourner la notion d''espace de la verticalité', 80),
(81, 'Nettoyer les écuries d''Augias', 81),
(82, 'Énée', 82),
(83, 'Héros', 83),
(84, 'Hermès', 84),
(85, 'L''Achéron', 85),
(86, 'En nuage', 86),
(87, '10 ans', 87),
(88, 'Les Dioscures', 88),
(89, 'L''Argo', 89),
(90, 'L''hydre de Lerne', 90),
(91, 'Galway', 91),
(92, 'Le chardon', 92),
(93, 'Eireland', 93),
(94, 'Une', 94),
(95, 'Nationale Irlandaise, tous les 17 mars', 95),
(96, 'La pluie', 96),
(97, 'Le pudding', 97),
(98, 'La Wild Atlantic Way', 98),
(99, 'La République d''Irlande', 99),
(100, 'Barrow', 100),
(101, 'Un musée', 101),
(102, 'Cernuschi', 102),
(103, 'Un quartier de banlieue parisienne favorisé qui se trouve à l''ouest de Paris', 103),
(104, 'La Ville éternelle', 104),
(105, '3ème', 105),
(106, 'Le cimetière du Calvaire, à Montmartre', 106),
(107, '1505', 107),
(108, 'Le nom de l''évêque du diocèse sur lequel fut construit le cimetière', 108),
(109, 'Le baron Haussmann', 109),
(110, 'Pour créer un passage souterrain utile en cas d''invasion ennemie', 110),
(111, 'Chelsea', 111),
(112, 'Une grande agglomération de plus de 10 millions d''habitants', 112),
(113, 'Byzance', 113),
(114, 'Son altitude, elle culmine à plus de 3 000 mètres', 114),
(115, 'Illinois', 115),
(116, 'Bangkok', 116),
(117, 'Jakarta', 117),
(118, 'Cox''s Bazar', 118),
(119, 'Beyrouth', 119),
(120, 'Paris', 120),
(121, 'La bataille d''Anghiari', 121),
(122, 'Créer une cité idéale', 122),
(123, 'De cécité partielle', 123),
(124, 'Sfumato', 124),
(125, 'La Belle Jardinière', 125),
(126, 'Andy Warhol', 126),
(127, 'Entre la Calabre et la Sicile', 127),
(128, 'Andrea del Verrocchio', 128),
(129, '15 ans', 129),
(130, 'Le dessin d''un cadavre', 130),
(131, 'La peste noire', 131),
(132, 'Rome', 132),
(133, '1912', 133),
(134, 'La canicule d''août 2003', 134),
(135, 'Saint-Pierre', 135),
(136, 'Toba', 136),
(137, 'San Francisco', 137),
(138, 'Catastrophe de Tchernobyl', 138),
(139, 'La Norvège', 139),
(140, 'Ritcher permet de quantifier la magnitude d''un séisme, MSK mesure la fréquence des séismes', 140),
(141, 'La reine Victoria', 141),
(142, 'Windsor', 142),
(143, 'Il s''est marié avec une personne divorcée', 143),
(144, 'Catholique Romaine', 144),
(145, 'Canada', 145),
(146, '2', 146),
(147, 'Kensington Palace', 147),
(148, 'L''hémophilie', 148),
(149, '365 millions d''euros ', 149),
(150, 'Infirmière', 150),
(151, 'HTML (Hypertext Markup Language)', 151),
(152, 'Un numéro qui identifie chaque matériel informatique (ordinateur, routeur, imprimante) connecté à un réseau informatique', 152),
(153, 'Copier/coller', 153),
(154, 'Le spamdexing', 154),
(155, '1 million d''octets', 155),
(156, 'Un processeur', 156),
(157, 'Crtl + A', 157),
(158, 'Un freeware', 158),
(159, 'USB (Universal Serial Bus)', 159),
(160, 'File Transmission Protocol', 160),
(161, 'La rapidité de la vitesse de la lumière', 161),
(162, 'Conservation de l''énergie lors d''une réaction chimique', 162),
(163, 'La mécanique newtonienne', 163),
(164, 'La pénicilline', 164),
(165, 'Marcellin Berthelot', 165),
(166, 'Pythagore', 166),
(167, 'Sa formule E = mc2', 167),
(168, 'Les expériences des volcans d''Auvergne', 168),
(169, 'Le rôle du foie', 169),
(170, 'Les neurones', 170),
(171, '7', 171),
(172, 'La Terre', 172),
(173, 'La période de rotation autour du Soleil', 173),
(174, 'Andromède', 174),
(175, 'Mercure', 175),
(176, '150 millions de kilomètres', 176),
(177, '2', 177),
(178, '(1) Cérès', 178),
(179, 'D''il y a 4,55 ou 4,56 milliers d''années', 179),
(180, '34', 180),
(181, 'Une sensation d''acidité', 181),
(182, 'Par la pulpe du raisin', 182),
(183, 'Entre 2 et 6 degrés', 183),
(184, '250 litres', 184),
(185, 'Pomerol', 185),
(186, 'Louis Pasteur', 186),
(187, 'À Meursault, en Bourgogne', 187),
(188, '1 hectolitre à l''hectare', 188),
(189, 'Un vin blanc issu de raisins rouges', 189),
(190, 'Abraham Lincoln', 190),
(191, 'Bordeaux', 191),
(192, 'L''opéra', 192),
(193, 'Le biscuit rose de Chartres', 193),
(194, 'Le clafoutis', 194),
(195, 'La meringue française', 195),
(196, 'Un lancement de porte-avions', 196),
(197, 'Est cuit sur fond de pâte brisée', 197),
(198, 'Les bénédictines', 198),
(199, 'De pâte à tartiner', 199),
(200, 'Un clafoutis', 200),
(201, 'Les lardons', 201),
(202, 'La tortilla', 202),
(203, 'L''Irlande', 203),
(204, 'D''Arabie Saoudite', 204),
(205, 'Du Japon', 205),
(206, 'Le Stroganov', 206),
(207, 'De Russie', 207),
(208, 'La France', 208),
(209, 'Des États-Unis', 209),
(210, 'Du Mali', 210),
(211, 'Le bombardement d''un village basque par des troupes fascistes', 211),
(212, 'Le dadaïsme', 212),
(213, 'Bleu et rose', 213),
(214, 'Les habitants d''Avignon n''ont pas reconnu leur costume régional', 214),
(215, 'La Joconde', 215),
(216, 'Entre 2 000 et 4 000', 216),
(217, 'Le siège de l''UNESCO', 217),
(218, 'Serge de Diaghilev', 218),
(219, 'Des restes d''une radio', 219),
(220, 'Science et charité', 220),
(221, 'Eugène Boudin', 221),
(222, 'Pondichéry', 222),
(223, 'Les Coquelicots', 223),
(224, 'La Femme en robe verte', 224),
(225, '1882', 225),
(226, 'La cathédrale de Notre-Dame de Rouen', 226),
(227, 'Giverny', 227),
(228, '1867', 228),
(229, 'Rome', 229),
(230, 'Jeu de Paume', 230),
(231, 'Le surréalisme', 231),
(232, 'La méthode paranoïaque-absurde', 232),
(233, 'Le fou', 233),
(234, 'Une statue de Dalí', 234),
(235, 'Ernest Hemingway', 235),
(236, 'Les monarchistes', 236),
(237, 'Une combinaison de plongée sous-marine', 237),
(238, 'Vertigo (Sueurs froides)', 238),
(239, 'The Marx Brothers', 239),
(240, 'Comte de Malaga', 240),
(241, 'Le jaguar', 1),
(242, 'Le guépard', 2),
(243, 'Plus elle est foncée, plus le lion est âgé', 3),
(244, 'Il plisse son nez', 4),
(245, 'Le tigrou', 5),
(246, 'Ses puissantes cordes vocales', 6),
(247, '105 km/h', 7),
(248, 'L''ocelot', 8),
(249, 'Ils n''ont pas de moustaches', 9),
(250, 'D''Europe', 10),
(251, 'États-Unis', 11),
(252, 'L''octodon', 12),
(253, 'Le lapin', 13),
(254, 'La gerbille est un animal très affectueux', 14),
(255, '7 à 14', 15),
(256, 'Le lapin nain polonais', 16),
(257, 'La cécité', 17),
(258, 'Animal qui creuse la terre', 18),
(259, 'Elles servaient à détecter certaines maladies', 19),
(260, 'Le chinchilla', 20),
(261, 'Le chien', 21),
(262, 'Ils ont trouvé une empreinte', 22),
(263, 'C''est le nom du scientifique qui l''a découvert ', 23),
(264, 'Un grand félin', 24),
(265, 'Il y a 400 000 ans', 25),
(266, 'Rhytine de Steller', 26),
(267, '12 mètres', 27),
(268, '16 mètres', 28),
(269, 'Le lion', 29),
(270, 'Elle vivait dans les arbres', 30),
(271, 'La métamorphose', 31),
(272, '7', 32),
(273, 'T pour Troll', 33),
(274, 'En bois de sureau et crin de sombral ', 34),
(275, '« Regardez... moi »', 35),
(276, 'En se noyant dans ses propres larmes', 36),
(277, '"Hic sunt dracones"', 37),
(278, 'Nid de cafard', 38),
(279, 'Sirius Black', 39),
(280, 'Le Gallon d''or, la Morille d''argent, la Nose de bronze', 40),
(281, 'Darling', 41),
(282, 'Mélodie du Sud', 42),
(283, 'Sinderella', 43),
(284, 'Toujours bien', 44),
(285, 'Blanche Neige et les Sept Nains', 45),
(286, 'Toy Story', 46),
(287, 'Figaro', 47),
(288, '1963', 48),
(289, 'Wiggins', 49),
(290, 'Le Roi Lion', 50),
(291, 'Astérix et Obélix contre César', 51),
(292, 'Le Père-Noël est une ordure ', 52),
(293, 'OSS 117 : Rio ne répond plus', 53),
(294, 'Les Bronzés font du ski', 54),
(295, 'Les Tontons Flingueurs', 55),
(296, 'RRRrrr', 56),
(297, 'Léon', 57),
(298, 'Un singe en hiver', 58),
(299, 'La Vérité si je mens ! 2', 59),
(300, '99 francs', 60),
(301, 'Selon la position du Soleil au moment de sa naissance', 61),
(302, 'La vraie personnalité intime', 62),
(303, 'Grâce à l''heure de naissance', 63),
(304, 'La Terre', 64),
(305, 'Verseau', 65),
(306, 'Femme Gémeaux et homme Lion', 66),
(307, 'Les Scorpion', 67),
(308, 'C''est bidon. Ou alors le signe astrologique de Harry Potter', 68),
(309, 'En additionnant sa date de naissance', 69),
(310, 'Une inversion de planètes, qui se produit par cycles de 7 ans et affecte l''Ascendant', 70),
(311, 'La Règle d''or', 71),
(312, 'Il est planté au milieu du désert', 72),
(313, 'Avoir participé à la relance d''une ville moribonde', 73),
(314, 'Au Japon', 74),
(315, 'Brasília', 75),
(316, 'L''Opéra Bastille à Paris', 76),
(317, 'À Istanbul, en Turquie', 77),
(318, 'Norman Foster', 78),
(319, 'Le Museum für Moderne Kunst de Cologne', 79),
(320, 'Imposer aux yeux des citadins la toute-puissance de la télévision d''État chinoise', 80),
(321, 'Battre la laie de Crommyon en combat singulier', 81),
(322, 'Ulysse', 82),
(323, 'Titans', 83),
(324, 'Prométhée', 84),
(325, 'Le Phlégéthon', 85),
(326, 'En génisse', 86),
(327, '20 ans', 87),
(328, 'Les Duodorses', 88),
(329, 'L''Atalante', 89),
(330, 'Les sirènes', 90),
(331, 'Dublin', 91),
(332, 'La rose', 92),
(333, 'Éire', 93),
(334, 'Deux, une pour l''Irlande du Nord, l''autre pour l''Irlande du Sud', 94),
(335, 'Religieuse', 95),
(336, 'La culture celte', 96),
(337, 'Le coq au vin', 97),
(338, 'La Causeway Coastal Route', 98),
(339, 'Le Royaume d''Irlande', 99),
(340, 'Blackwater', 100),
(341, 'Un monument religieux', 101),
(342, 'Guernesey', 102),
(343, 'Un quartier de banlieue parisienne défavorisé qui se trouve au nord de Paris', 103),
(344, 'La Ville lumière', 104),
(345, '4ème', 105),
(346, 'Le cimetière de Belleville', 106),
(347, '1605', 107),
(348, 'Le surnom donné à un menuisier célèbre au XVIIe siècle', 108),
(349, 'L''ingénieur Fulgence Bienvenüe', 109),
(350, 'Pour gagner de la place et construire des bâtiments dessus', 110),
(351, 'Nob Hill', 111),
(352, 'Une agglomération regroupant d''importantes fonctions de commandement économique, politique, culturel et technologique', 112),
(353, 'Lutèce', 113),
(354, 'Être la plus grande agglomération de langue espagnole au monde', 114),
(355, 'Indiana', 115),
(356, 'Londres', 116),
(357, 'Shangai', 117),
(358, 'Dacca', 118),
(359, 'Jérusalem', 119),
(360, 'Marseille', 120),
(361, 'La Cène', 121),
(362, 'Voler', 122),
(363, 'D''une paralysie de la main droite', 123),
(364, 'Stucco', 124),
(365, 'La Belle Ferronière', 125),
(366, 'Marcel Duchamp', 126),
(367, 'Sur le Pô', 127),
(368, 'Sandro Botticelli', 128),
(369, '18 ans', 129),
(370, 'Le retable d''une chapelle', 130),
(371, 'Le choléra', 131),
(372, 'Athènes', 132),
(373, '1913', 133),
(374, 'La canicule de juin 2006', 134),
(375, 'Lamentin', 135),
(376, 'Krakatoa', 136),
(377, 'Boston', 137),
(378, 'Catastrophe de Seveso', 138),
(379, 'Le Danemark', 139),
(380, 'Ritcher permet de quantifier la magnitude d''un séisme, MSK mesure les dégâts', 140),
(381, 'La reine Elizabeth II', 141),
(382, 'Davis', 142),
(383, 'Il a fait de la prison', 143),
(384, 'Église anglicane', 144),
(385, 'Australie', 145),
(386, '3', 146),
(387, 'Buckingham Palace', 147),
(388, 'Le Syndrome de Turner', 148),
(389, '445 millions d''euros', 149),
(390, 'Mécanicienne', 150),
(391, 'Php', 151),
(392, 'Le protocole de communication utilisé sur Internet', 152),
(393, 'Copier/déposer', 153),
(394, 'Le backdoor', 154),
(395, '1000 octets', 155),
(396, 'Une carte vidéo', 156),
(397, 'Crtl + Y', 157),
(398, 'Un logiciel Open Source', 158),
(399, 'SATA (Serial Advanced Technology Attachment)', 159),
(400, 'File Transfer Protocol', 160),
(401, 'La rotation de la Terre', 161),
(402, 'Conservation de la vitesse lors d''une réaction chimique', 162),
(403, 'La théorie de la relativité restreinte', 163),
(404, 'Le lysogyme', 164),
(405, 'Dmitri Mendeleïev', 165),
(406, 'Thalès', 166),
(407, 'L''effet photoélectrique', 167),
(408, 'Les expériences du Puy de Dôme', 168),
(409, 'Le système nerveux', 169),
(410, 'L''antidote contre la pneumonie', 170),
(411, '8', 171),
(412, 'Saturne', 172),
(413, 'La période de rotation sur la planète elle-même', 173),
(414, 'La Voie du Lait', 174),
(415, 'Vénus', 175),
(416, '150 milliards de kilomètres', 176),
(417, '3', 177),
(418, '(4) Vesta', 178),
(419, 'D''il y a 4,55 ou 4,56 millions d''années', 179),
(420, '67', 180),
(421, 'Une sensation d''astringence', 181),
(422, 'Par la peau du raisin', 182),
(423, 'Entre 7 et 12 degrés', 183),
(424, '228 litres', 184),
(425, 'Saint-Émilion', 185),
(426, 'Marie Curie', 186),
(427, 'À Sauternes, en région Bordelaise', 187),
(428, '9 hectolitres à l''hectare', 188),
(429, 'L''autre nom du kir (vin blanc et sirop de cassis)', 189),
(430, 'Thomas Jefferson', 190),
(431, 'Lyon', 191),
(432, 'La forêt-noire', 192),
(433, 'Le biscuit rose de Reims', 193),
(434, 'La galette des rois', 194),
(435, 'La meringue suisse', 195),
(436, 'Une course de voitures', 196),
(437, 'Est cuit sur fond de pâte feuilletée', 197),
(438, 'Les jésuites', 198),
(439, 'De pâte d''amande', 199),
(440, 'Une tarte aux pommes garnies de crème', 200),
(441, 'La crème', 201),
(442, 'Le ceviche', 202),
(443, 'Les États-Unis', 203),
(444, 'De la Turquie', 204),
(445, 'De la Chine', 205),
(446, 'Le Pirojki', 206),
(447, 'D''Australie', 207),
(448, 'L''Autriche', 208),
(449, 'D''Italie', 209),
(450, 'Du Sénégal', 210),
(451, 'La tentative de putsch de Franco en 1936', 211),
(452, 'Le surréalisme', 212),
(453, 'Jaune et noire', 213),
(454, 'Les "Demoiselles" étaient des hommes', 214),
(455, 'Les Tournesols', 215),
(456, 'Entre 10 000 et 20 000', 216),
(457, 'Le siège du journal l''Humanité', 217),
(458, 'Rudolf Noureev', 218),
(459, 'Des restes d''un vélo', 219),
(460, 'Le Moulin de la Galette', 220),
(461, 'Charles Daubigny', 221),
(462, 'Algérie', 222),
(463, 'La Pie', 223),
(464, 'Jeunes filles au piano', 224),
(465, '1872', 225),
(466, 'La cathédrale de Notre-Dame de Strasbourg', 226),
(467, 'Le Havre', 227),
(468, '1875', 228),
(469, 'Londres', 229),
(470, 'Musée de l''Orangerie', 230),
(471, 'Le nouveau réalisme', 231),
(472, 'La méthode paranoïaque-critique', 232),
(473, 'Viva Dollars', 233),
(474, 'Une coupole en verre', 234),
(475, 'Pablo Picasso', 235),
(476, 'Les républicains', 236),
(477, 'Des branches et des feuilles', 237),
(478, 'Rope (La Corde)', 238),
(479, 'The Three Stooges', 239),
(480, 'Marquis de Pubol', 240),
(481, 'Le tigre', 1),
(482, 'Le puma', 2),
(483, 'Plus elle est épaisse, plus le lion est fort', 3),
(484, 'Il bouge fort la queue', 4),
(485, 'Le tigreau', 5),
(486, 'Son os hyoïde élastique', 6),
(487, '155 km/h', 7),
(488, 'La panthère nébuleuse', 8),
(489, 'Leurs griffes ne sont pas totalement rétractiles', 9),
(490, 'D''Asie', 10),
(491, 'Pérou', 11),
(492, 'Le furet', 12),
(493, 'La gerbille', 13),
(494, 'La gerbille ne peut avoir plus de deux petits dans une même portée', 14),
(495, '3 à 5', 15),
(496, 'Le lapin nain angora suédois', 16),
(497, 'La pneumonie', 17),
(498, 'Insecte du blé', 18),
(499, 'Elles étaient dressées pour faire des numéros de cirque', 19),
(500, 'Le cochon d''inde', 20),
(501, 'Le boeuf', 21),
(502, 'Ils l’ont déduite à partir de sa mâchoire et de ses dents', 22),
(503, 'C''est le nom de l’époque quand il vivait', 23),
(504, 'Un grand rhinocéros', 24),
(505, 'Il y a 4,8 millions d’années', 25),
(506, 'Couagga', 26),
(507, '18 mètres', 27),
(508, '31 mètres', 28),
(509, 'Le panda', 29),
(510, 'C''est l''un des premiers animaux connus', 30),
(511, 'La défense contre les forces du mal', 31),
(512, '8', 32),
(513, 'P pour Piètre', 33),
(514, 'En bois de houx et plume de phénix', 34),
(515, '«Pas Harry ! Ayez pitié !»', 35),
(516, 'Dévorée par un dragon de la variété des Pansedefer ukrainiens', 36),
(517, '"Draco dormiens nunquam titillandus"', 37),
(518, 'Chocogrenouille' , 38),
(519, 'Drago Malefoy', 39),
(520, 'Le Ballon d''or, la Gorille d''argent, la Rose de bronze', 40),
(521, 'Lady', 41),
(522, 'Le Géant de fer', 42),
(523, 'Cinderella', 43),
(524, 'Aucun souci', 44),
(525, 'Mickey', 45),
(526, 'Monstres & Cie', 46),
(527, 'Gédéon', 47),
(528, '1973', 48),
(529, 'Ratcliffe', 49),
(530, 'Aladdin', 50),
(531, 'Les Visiteurs en Amérique', 51),
(532, 'Pierrot le fou', 52),
(533, 'La Chute', 53),
(534, 'Les Bronzés 3', 54),
(535, 'Gazon Maudit', 55),
(536, 'Intouchables', 56),
(537, 'Nikita', 57),
(538, 'La Haine', 58),
(539, 'La Vérité si je mens ! 3', 59),
(540, 'L''Idéal', 60),
(541, 'Selon la cartographie de tout le zodiaque au moment de sa naissance', 61),
(542, 'La face cachée', 62),
(543, 'Grâce à l''heure et au lieu de naissance', 63),
(544, 'Le Feu', 64),
(545, 'Sagittaire', 65),
(546, 'Femme Balance et homme Cancer', 66),
(547, 'Les Cancer', 67),
(548, 'Le 13ème signe du zodiaque, selon les astronomes de la Nasa, qui ont récemment redéfini le calendrier astral en fonction des positions actuelles des planètes', 68),
(549, 'En additionnant le nombre de lettres de son nom et l''année en cours', 69),
(550, 'Un biais cognitif qui nous pousse à nous reconnaître dans la description des caractéristiques de notre signe', 70),
(551, 'L''Équerre d''argent', 71),
(552, 'Il a été construit par un architecte français', 72),
(553, 'Avoir donné une véritable vitrine à l''art basque, jusque-là marginalisé', 73),
(554, 'Au Brésil', 74),
(555, 'Bogota', 75),
(556, 'L''Opéra House à Syndey', 76),
(557, 'À Médine, en Arabie Saoudite', 77),
(558, 'Herzog & de Meuron', 78),
(559, 'Le Louvre-Lens', 79),
(560, 'Introduire des formes architecturales inspirées du quotidien', 80),
(561, 'Voler le troupeau de boeufs de Géryon', 81),
(562, 'Achille', 82),
(563, 'Demi-dieux', 83),
(564, 'Zeus', 84),
(565, 'Le Styx', 85),
(566, 'En paon', 86),
(567, '25 ans', 87),
(568, 'Les Didodènes', 88),
(569, 'Le Volgos', 89),
(570, 'Les cyclopes', 90),
(571, 'Cork', 91),
(572, 'Le trèfle', 92),
(573, 'Éiru', 93),
(574, 'Il n''y en a pas', 94),
(575, 'De la musique', 95),
(576, 'La langue', 96),
(577, 'L''agneau à la menthe', 97),
(578, 'La Mourne Costal Route', 98),
(579, 'La Principauté d''Irlande', 99),
(580, 'Shannon', 100),
(581, 'Un hôpital', 101),
(582, 'Beaubourg', 102),
(583, 'Le nom donné à la cour intérieure de l''Élysée depuis sa rénovation', 103),
(584, 'La Ville dorée', 104),
(585, '5ème', 105),
(586, 'La Colline de Ménilmontant dans le Xe arrondissement', 106),
(587, '1705', 107),
(588, 'Le confesseur du roi Louis XIV', 108),
(589, 'Napoléon III', 109),
(590, 'Pour masquer les immondices qui sont déversées dedans', 110),
(591, 'Soho', 111),
(592, 'Une vaste région urbaine, concentrant plusieurs métropoles interconnectées (connectées entre elles) qui se rejoignent et exercent des fonctions importantes', 112),
(593, 'Petopolis', 113),
(594, 'C''est la ville la plus dense d''Amérique', 114),
(595, 'Ohio', 115),
(596, 'Paris', 116),
(597, 'Tokyo', 117),
(598, 'Rangpur', 118),
(599, 'Le Caire', 119),
(600, 'Levallois-Perret', 120),
(601, 'La Joconde', 121),
(602, 'Peindre une gigantesque fresque dans la Chapelle Sixtine à Rome', 122),
(603, 'De coliques néphrétiques', 123),
(604, 'A fresco', 124),
(605, 'La Belle Chambrière', 125),
(606, 'Fernando Botero', 126),
(607, 'Sur le Bosphore à Constantinople', 127),
(608, 'Raphaël', 128),
(609, '20 ans', 129),
(610, 'Le portrait de Saint-Jean Baptiste', 130),
(611, 'Le corona', 131),
(612, 'Pompéi', 132),
(613, '1914', 133),
(614, 'La canicule de juin 2017', 134),
(615, 'Fort-de-France', 135),
(616, 'Dempo', 136),
(617, 'New-York', 137),
(618, 'Catastrophe de Bhopal', 138),
(619, 'Les Pays-Bas', 139),
(620, 'Ritcher permet de quantifier la magnitude d''un séisme, MSK mesure la probabilité', 140),
(621, 'Henri VII', 141),
(622, 'Lancaster', 142),
(623, 'Il était un enfant illégitime', 143),
(624, 'Baptiste', 144),
(625, 'Afrique du Sud', 145),
(626, '4', 146),
(627, 'Château de Windsor', 147),
(628, 'Le Tay-Sachs', 148),
(629, '505 millions d''euros', 149),
(630, 'Pilote de chasse', 150),
(631, 'Java', 151),
(632, 'L''adresse d’un site web, commençant par http://', 152),
(633, 'Glisser/déposer', 153),
(634, 'Le phishing', 154),
(635, '1024 octets', 155),
(636, 'Un disque dur', 156),
(637, 'Windows + L', 157),
(638, 'Un shareware', 158),
(639, 'RJ45', 159),
(640, 'Fiber Twisted Pairs', 160),
(641, 'La lumière est une onde', 161),
(642, 'Conservation de la masse lors d''une réaction chimique', 162),
(643, 'La physique quantique', 163),
(644, 'La vitamine C', 164),
(645, 'Sadi Carnot', 165),
(646, 'Ératosthène', 166),
(647, 'La fusion nucléaire', 167),
(648, 'Les expériences du plateau des Millevaches', 168),
(649, 'La circulation sanguine', 169),
(650, 'L''ADN et son rôle dans l''hérédité', 170),
(651, '9', 171),
(652, 'Jupiter', 172),
(653, 'La période de formation de la planète', 173),
(654, 'La Voie Lactée', 174),
(655, 'Mars', 175),
(656, '150 trillons de kilomètres', 176),
(657, '4', 177),
(658, '(274301) Wikipédia', 178),
(659, 'D''il y a 4,55 ou 4,56 milliards d''années', 179),
(660, '82', 180),
(661, 'Une sensation sucrée', 181),
(662, 'Par les pépins du raisin', 182),
(663, 'Entre 13 et 16 degrés', 183),
(664, '225 litres', 184),
(665, 'Haut-Médoc', 185),
(666, 'Jean-Antoine Chaptal ', 186),
(667, 'À Saint-Joseph, dans le Rhône', 187),
(668, '99 hectolitres à l''hectare', 188),
(669, 'Un assemblage de vin blanc et de vin rouge', 189),
(670, 'Andrew Johnson', 190),
(671, 'Lille', 191),
(672, 'Le trianon', 192),
(673, 'Le biscuit rose de Nancy', 193),
(674, 'La gâteau de Savoie', 194),
(675, 'La meringue italienne', 195),
(676, 'Une course cycliste', 196),
(677, 'Est cuit sans pâte (ni brisée, ni feuilletée)', 197),
(678, 'Les visitandines', 198),
(679, 'De pâte de fruits', 199),
(680, 'Un riz au lait', 200),
(681, 'Les oeufs', 201),
(682, 'La feijoada', 202),
(683, 'L''Allemagne', 203),
(684, 'Du Maghreb', 204),
(685, 'De la Corée du Sud', 205),
(686, 'Le Golubsty', 206),
(687, 'De Nouvelle-Zélande', 207),
(688, 'La Norvège', 208),
(689, 'De Chine', 209),
(690, 'Du Burkina Faso', 210),
(691, 'Les combats entre nationalistes et républicains en Catalogne', 211),
(692, 'Le cubisme', 212),
(693, 'Rouge et verte', 213),
(694, 'Les corps et visages sont déformés', 214),
(695, 'Le Déjeuner sur l''herbe', 215),
(696, 'Entre 50 000 et 120 000', 216),
(697, 'Le siège du PCF', 217),
(698, 'Vaslav Nijnski', 218),
(699, 'Des restes d''un piano', 219),
(700, 'Les Derniers moments', 220),
(701, 'Constant Troyon', 221),
(702, 'Nouvelle Calédonie', 222),
(703, 'Les Nymphéas', 223),
(704, 'La Promenade', 224),
(705, '1862', 225),
(706, 'La cathédrale Sainte-Marie-Majeure à Marseille', 226),
(707, 'Rouen', 227),
(708, '1877', 228),
(709, 'Vienne', 229),
(710, 'Le Louvre', 230),
(711, 'L''hyperréalisme', 231),
(712, 'La méthode paranoïaque-excentrique', 232),
(713, 'Avida Dollars', 233),
(714, 'Une colonne', 234),
(715, 'J. Edgar Hoover', 235),
(716, 'Aucun des deux', 236),
(717, 'Rien', 237),
(718, 'Spellbound (La Maison du docteur Edwardes)', 238),
(719, 'The Smothers Brothers', 239),
(720, 'Duc de Séville', 240);

--
-- Déchargement des données de la table "users"
--

INSERT INTO "user" ("id", "firstname", "lastname", "email", "password", "role") VALUES
(1, 'Jean-Michel', 'Nulengéo', 'jm.nulengeo@gmail.com', '$2b$10$7vwYGrz2TGeyG4X8YnD9BOag9I.YKGUTJELs64qGmcK/syHu2BzTG', 'admin'),
(2, 'Jean-Michel', 'Apeupré', 'jm.apeupre@gmail.com', '$2b$10$7vwYGrz2TGeyG4X8YnD9BOag9I.YKGUTJELs64qGmcK/syHu2BzTG', 'admin'),
(3, 'Jean-Michel', 'Amoitié', 'jm.amoitie@gmail.com', '$2b$10$7vwYGrz2TGeyG4X8YnD9BOag9I.YKGUTJELs64qGmcK/syHu2BzTG', 'admin'),
(4, 'Jean-Michel', 'Fotdefrape', 'jm.fotdefrape@gmail.com', '$2b$10$7vwYGrz2TGeyG4X8YnD9BOag9I.YKGUTJELs64qGmcK/syHu2BzTG', 'admin'),
(5, 'Jean-Michel', 'Gastro', 'jm.gastro@gmail.com', '$2b$10$7vwYGrz2TGeyG4X8YnD9BOag9I.YKGUTJELs64qGmcK/syHu2BzTG', 'admin');


--
-- Déchargement des données de la table "levels"
--

INSERT INTO "level" ("id", "name") VALUES
(1, 'Facile'),
(2, 'Ça va'),
(3, 'Ça pique');

--
-- Déchargement des données de la table "quiz"
--

INSERT INTO "quiz" ("id", "title", "description", "image", "user_id") VALUES
(1, 'Les félins', 'Et toi, chat va bien ?', 'felin.jpg', 2),
(2, 'Les rongeurs', 'Pas de rat-trapage pour ce quiz', 'rodent.jpg', 2),
(3, 'Les animaux disparus', 'Non, ce n''est pas un pingouin !', 'extinct.jpg', 4),
(4, 'Harry Potter', 'Un aller simple pour Poudlard', 'harry.jpg', 2),
(5, 'Les films de Disney', 'Revois tes classiques !','disney.jpg', 3),
(6, 'Les citations de films', 'Les répliques les plus cultes', 'quote.jpg', 3),
(7, 'L''astrologie', 'Approuvé par Elizabeth Teissier', 'astrology.jpg', 4),
(8, 'L''architecture contemporaine', 'Mais oui, ce mur est droit !', 'architecture.jpg', 2),
(9, 'La mythologie', 'Nom de Zeus !', 'mythology.jpg', 4),
(10, 'L''Irlande', 'On t''offre une Guiness si t''as 10/10', 'ireland.jpg', 1),
(11, 'Paris', 'Garanti 100% bobo et vegan', 'paris.jpg', 1),
(12, 'Les grandes métropoles', 'Non, ce n''est pas un pingouin!', 'metropol.jpg', 1),
(13, 'Léonard De Vinci', 'Veni, vidi, vici, Vinci ?', 'davinci.jpg', 2),
(14, 'Les catastrophes', 'C''est ce qui s''appelle la résilience', 'disaster.jpg', 4),
(15, 'La famille Royale britannique', 'Do you want a cup of tea?', 'british.jpg', 2),
(16, 'Les ordinateurs', 'Non, l''ordi ne sert pas seulement à mater Netflix', 'computer.jpg', 3),
(17, 'Les découvertes scientifiques', 'É-P-A-T-A-N-T !', 'discovery.jpg', 1),
(18, 'Le système solaire', 'Pour arrêter de se prendre pour le centre de la Terre', 'solarsystem.jpg', 3),
(19, 'Le vin', 'Non, la Villageoise n''est pas du vin, respecte-toi', 'wine.jpg', 5),
(20, 'Les desserts', 'Bon pour le moral, un peu moins pour le foie', 'dessert.jpg', 5),
(21, 'Les mets et leurs origines', 'Tiens, voilà du boudin', 'dish.jpg', 5),
(22, 'Pablo Picasso', 'On ne parle pas du Renault Sénic', 'picasso.jpg', 3),
(23, 'Claude Monet', 'Monet, pas Manet !', 'monet.jpg', 3),
(24, 'Salvador Dalì', 'À te dresser les moustaches', 'dali.jpg', 3);


--
-- Déchargement des données de la table "question"
--

INSERT INTO "question" ("id", "quiz_id", "question", "level_id", "wiki", "answer_id") VALUES
(1, 1, 'Quel est le plus grand félin sauvage ?', 1, 'Le tigre de Sibérie est le plus grand de tous. Il peut mesurer jusqu''à trois mètres de long, pour un poids atteignant les 300 kilos. Dans les années 1930, il ne restait plus qu''une trentaine de tigres de Sibérie dans la nature. Depuis, d''importantes mesures de conservation ont permis à cette population de se refaire une santé : aujourd''hui, on compte environ 400 individus.)', 481),
(2, 1, 'Quel est l’autre nom du cougar ?', 1, 'Connu également sous le nom de lion des montagnes, ce félin à la robe uniformément fauve occupe un immense territoire qui s’étend du Canada jusqu’à la Patagonie argentine. En 2014, les Etats-Unis ont toutefois déclaré l''une des sous-espèces – le puma de l''est – comme officiellement disparue.', 482),
(3, 1, 'Que signifie la couleur de la crinière d''un lion ?', 1, 'Un mâle en bonne santé aura une crinière plus fournie qu''un lion malade. Les lionnes ont donc tendance à préférer les mâles à l''imposante crinière, surtout si celle-ci est brune ou noire, signe d''un mâle dans la fleur de l''âge. La crinière aura en effet tendance à devenir plus foncée avec l''âge', 243),
(4, 1, 'Que fait généralement un félin quand il n''est pas content ?', 1, 'C''est l''un des signes les plus importants dans le langage des félins parce qu''il indique que l''animal est énervé ou en colère. C''est un avertissement, la prochaine étape peut être la morsure ou la griffure.', 484),
(5, 1, 'Comment s''appelle le petit du tigre ?', 2, 'Le petit du tigre est bien le tigreau. À ne pas confondre avec le tigron, une espèce hybride issue du croisement artificiel entre une lionne et un tigre.', 485),
(6, 1, 'Qu''est-ce qui permet au lion de rugir ?', 2, 'Lorsqu''il rugit, les plis vocaux du lion sont d''une forme carrée, une forme qui lui permet de stabiliser ses cordes vocales. Ainsi, le passage de l''air est facilité et l''animal peut rugir plus fort sans exercer trop de pression sur ses poumons.', 246), 
(7, 1, 'Quelle vitesse le guépard peut-il atteindre lorsqu''il court ?', 2, 'Le guépard est le mammifère terrestre le plus rapide de la planète. Une prouesse bien utile pour chasser, mais qui montre aussi ses limites. Ce félin ne peut, en effet, maintenir sa course effrénée que sur quelques centaines de mètres. Il est ensuite forcé de s''arrêter – quitte à rentrer bredouille – car, pendant l''effort, sa température corporelle est grimpée à un niveau dangereux.', 247),
(8, 1, 'Quel félin possède des pattes à moitié palmées ?', 3, 'Comme chez le chat pêcheur, les pattes du chat à tête plate sont légèrement palmées. Très pratique pour ce petit félin, féru d''eau, qui a élu domicile dans les marécages d''Asie.', 8),
(9, 1, 'Quel est le point commun entre le guépard, le chat viverrin et le chat à tête plate ?', 3, 'La plupart des félins peuvent complètement rétracter leurs griffes. Mais ce n''est pas le cas de ces trois-là. Chez le guépard, les griffes apparentes font fonction de crampons et assurent à l''animal une bonne adhérence au sol. Une spécificité qui contribue à la vélocité de ce félin.', 489),
(10, 1, 'De quel continent l''ocelot est-il originaire ?', 3, 'L''ocelot peuple les forêts tropicales, les marais et les prairies d''Amérique centrale et du Sud. Son pelage doré orné de taches sombres et ocellées lui sert d''excellent camouflage. Mais il a aussi valu à ce chat sauvage d''être particulièrement prisé des braconniers.', 10),
(11, 2, 'De quel pays est originaire le cochon d''Inde ?', 1, 'Les espagnols furent les premiers européens à rencontrer ces petits animaux, lorsqu''ils envahirent le Pérou et le Chili.', 491),
(12, 2, 'Quel animal n''appartient pas à la famille des rongeurs ?', 1, 'Le furet est un carnivore de la famille des mustélidés, cousin du putois.', 492),
(13, 2, 'Lequel de ces 3 rongeurs dégage la plus forte odeur corporelle ?', 1, 'Si vous voulez acheter une souris en tant qu''animal de compagnie, il est fortement conseillé de prendre une femelle, moins agressive qu''un mâle et elle sentira moins fort ! La souris mâle est en effet réputée pour sentir fort.', 13),
(14, 2, 'Laquelle de ces propositions sur la gerbille est vraie ?', 1, 'La gerbille est plus grande qu''une souris. Sa taille est plutôt celle d''un jeune hamster.', 14),
(15, 2, 'Quel est le nombre moyen de petits dans une portée de rat ?', 2, 'Un rat femelle peut avoir, chaque année, 55 bébés. La maturité sexuelle de la femelle arrive très rapidement, vers l''âge de deux mois. La rate peut avoir cinq portées par an avec une moyenne de 7 ratons par portée. Sa gestation dure 24 jours.', 255),
(16, 2, 'Quelle variété de lapin nain n''existe pas ?', 2, 'Parmi les différentes catégories de lapins nains : le polonais, le nain britannia, le bélier nain, le nain de couleur, le nain angora, le nain hotot, le nain rex, le nain angora anglais... Le lapin nain angora suédois n''existe pas.', 496),
(17, 2, 'À quelle maladie la souris est-elle le plus souvent sujette ?', 2, 'a souris doit être protégée du froid car elle est sujette aux pneumonies.', 497),
(18, 2, 'À l''origine, que signifie le mot "hamster" ?', 3, 'Le mot anglais "hamster" dérive du vieil allemand "hamustro" qui désigne un insecte du blé. Mais d''autres sources indiquent qu''il vient du terme allemand "hamstern", qui signifie "amasser". La principale activité de cet animal est en effet, de constituer des réserves.', 18),
(19, 2, 'Les souris viennent de Chine, où elles étaient déjà, 1 000 ans avant notre ère, considérées comme des animaux de compagnie. Mais quelle était l''utilité première des souris à l''époque ?', 3, 'Même si elles étaient déjà considérées comme des animaux de compagnie à l''époque, les chinois se régalaient en mangeant des souris lors de banquets !', 19),
(20, 2, 'Quel est le rongeur fan de musique classique ?', 3, 'Le héros de La Flûte enchantée le savait-il déjà en 1284 ? Les souris adorent la musique, surtout classique. Cette année-là, la ville allemande de Hamelin fut envahie par une épouvantable horde de rats, dont nul ne trouvait le moyen de se débarrasser. Ainsi, quand un joueur de flûte se présenta et proposa – contre de l’argent – d’éliminer les horribles bestioles, les habitants eurent du mal à le croire. Le musicien tint sa promesse : ensorcelés par sa musique, les rats le suivirent jusqu’au fleuve et s’y noyèrent.', 20),
(21, 3, 'Quel animal a pour ancêtre l''Aurochs ? ', 1, 'L''aurochs est une espèce disparue de bovidé, ancêtre des races actuelles de bovins domestiques, et appartenant au genre Bos. Son nom scientifique est Bos primigenius mais, selon les auteurs, il peut être considéré comme une sous-espèce des bovins de l''espèce Bos taurus.', 501),
(22, 3, 'Comment les paléontologues ont réussi à estimer la taille du gigantopithèque ?', 1, 'Bien que les seuls fossiles connus de Gigantopithèque soient de nombreuses dents isolées et quelques mandibules, ils suggèrent que cette espèce est le plus grand singe connu qui ait jamais existé, avec une taille comprise entre deux et trois mètres, et un poids compris entre 200 et 500 kg.', 502),
(23, 3, 'Pourquoi surnomme-t-on l''harpagornis « l’aigle géant de Haast » ?', 1, 'L''Aigle de Haast est une espèce éteinte d''oiseau de la famille des Accipitridae. Cet aigle de Nouvelle-Zélande est le plus grand rapace connu à avoir existé. Sa taille était proportionnelle à celle de sa proie, le moa, dont la plus grosse espèce pouvait peser 230 kg. L''espèce a disparu au XVE siècle, en même temps que le moa.', 263),
(24, 3, 'Qu''est-ce qu''un mégacéros ?', 1, 'Le mégalocéros ou mégacéros, appelé autrefois le « grand cerf des tourbières », a été un des plus grands cervidés de tous les temps. Il ressemblait à un daim de grande taille et ses bois mesuraient jusqu''à 3,50 m d''une extrémité à l''autre.', 24),
(25, 3, 'Quand ont disparu les mammouths laineux ?', 2, 'Le Mammouth laineux a divergé du Mammouth des steppes il y a environ 400 000 ans dans l''est de l''Asie. Son plus proche parent est l''Éléphant d''Asie. L''apparence et le comportement de cette espèce sont parmi les mieux étudiés pour un animal préhistorique du fait de la découverte de carcasses prises dans les glaces en Sibérie et en Alaska, ainsi que de squelettes, de dents, de contenu stomacal, de défenses et de représentations sur les parois des grottes. Des traces fossilisées de mammouths ont été trouvées en Asie bien avant que les Européens n''en prennent connaissance au XVIIe siècle.', 25),
(26, 3, 'Lequel de ces animaux était également appelé vache de mer et pouvait peser jusqu’à onze tonnes ?', 2, 'La Rhytine de Steller était un grand mammifère marin, appartenant à la famille des dugongidés, qui vivait dans les eaux arctiques proches de l''île Béring et de l''île Medny. La découverte de nombreux fossiles indique que l''on trouvait, avant l''apparition de l''Homme, des rhytines tout autour des côtes du Pacifique nord, du Mexique, aux Aléoutiennes et jusqu''au Japon. Elle disparaît au XVIIIe siècle, peu après que les Occidentaux en eurent fait la découverte.', 266),
(27, 3, 'Quelle taille atteignait le plus grand dinosaure retrouvé (Sauroposéidon) ?', 2, 'Sauroposeidon est un genre éteint de dinosaures de la famille des titanosauridés ou brachiosauridés, ayant vécu aux États-Unis à la fin du Crétacé inférieur. Il fut découvert en 1994 par l''équipe de Mathew Wedel et Richard Cifelli mais publiquement signalé en 2000. Il pouvait peser jusqu''à 60 tonnes et mesurer 18 mètres de haut et 34 mètres de long.', 507),
(28, 3, 'Quelle était la taille du Mégalodon, le plus grand requin ayant existé ?', 3, 'Le Mégalodon est une espèce éteinte de requins appartenant à l''ordre des lamniformes ayant vécu du Miocène au milieu du Pliocène, il y a entre 23 et 3,6 millions d''années, bien que d''autres estimations fixent sa date d''extinction au Pléistocène inférieur soit il y a 1,6 million d''années.', 268),
(29, 3, 'De qui le diprotodon est-il l''ancêtre ?', 3, 'Diprotodon ou wombat géant est un genre éteint de mammifères marsupiaux, les plus grands marsupiaux connus en l''état actuel des connaissances. L''un des plus gros animaux de la mégafaune australienne du Pléistocène, Diprotodon apparut il y a environ 1,6 Ma et s''éteignit il y a environ 46 000 ans.', 29),
(30, 3, 'Quelle est la particularité de l''hallucigenia ?', 3, 'Hallucigenia est un genre éteint d''animaux dont on a trouvé les fossiles dans les formations du Cambrien moyen des schistes de Burgess en Colombie-Britannique. Il fut nommé par Simon Conway Morris quand il a réexaminé le genre Canadia retrouvé dans les schistes de Burgess par Charles Doolittle Walcott en 1909.', 510),
(31, 4, 'Qu''enseignait Albus Dumbledore avant de devenir le directeur de Poudlard ?', 1, 'Ancien élève de Poudlard de 1892 à 1899, Albus Dumbledore est devenu l''un des sorciers les plus puissants de tous les temps. Il a enseigné la métamorphose au début du XXe siècle, avant de devenir directeur de l''école des sorciers en 1956.', 271),
(32, 4, 'Combien y a-t-il de joueurs dans une équipe de quidditch ?', 1, 'Trois poursuiveurs, deux batteurs, un gardien et un attrapeur : il faut sept joueurs pour constituer une équipe complète de quidditch, l''un des sports préférés des sorciers.', 272),
(33, 4, 'Quelle est la note la plus basse qu''un élève de Poudlard puisse obtenir aux examens de sorcellerie Buse, Aspic et Emeu ?', 1, 'Piètre et Désolant sont des notes d''échec aux examens, mais la pire des notes est bien Troll. Pour réussir, il faut obtenir les notes Optimal (O), Effort exceptionnel (E) ou Acceptable (A).', 273),
(34, 4, 'Chez Ollivander, la meilleure boutique de baguettes magiques du chemin de Traverse, Harry Potter va trouver sa première baguette. Ou plutôt la baguette va le choisir. En quoi est-elle ?', 1, 'La première baguette de Harry est en bois de houx et plume de Fumseck, le phénix de Dumbledore. Ce détail en fait la jumelle de la baguette de Voldemort. Celle de Ron est en bois de saule et crin de licorne, tandis que celle d''Hermione est en bois de vigne et ventricule de dragon. La baguette en bois de sureau et crin de sombral est l''une des trois reliques de la mort : elle n''est fidèle qu''à la puissance de son propriétaire. Après avoir longtemps appartenu à Dumbledore, elle tombe dans les mains de Voldemort, avant que Harry Potter en hérite.', 514),
(35, 4, 'Quels sont les derniers mots de Severus Rogue, dans "Les Reliques de la mort" ?', 2, 'Alors qu''il est mourant, Severus Rogue dit à Harry : "Regardez...moi". Il souhaite en fait voir une dernière fois ses yeux verts, les mêmes que ceux de Lily, sa mère, dont il était amoureux. "Pas Harry ! Ayez pitié !"sont les derniers mots de Lily Potter à Voldemort. "Tu peux faire mieux que ça !" sont ceux de Sirius Black. Et "Avada Kedavra", le sortilège de la Mort, est le dernier lancé par Voldemort, qui se retourne définitivement contre lui.', 275),
(36, 4, 'Comment est morte Mimi Geignarde, qui hante les toilettes des filles au deuxième étage de Poudlard ?', 2, 'Mimi Geignarde, de son vrai nom Myrtle Elizabeth Warren, s''était réfugiée dans les toilettes du deuxième étage pour pleurer, le 13 juin 1943, parce qu''Olive Hornby s''était moquée de ses lunettes. Quand elle a entendu un garçon parler une langue étrange, dans les toilettes des filles, elle a ouvert la porte pour le chasser. C''est là que son regard a croisé celui du Basilic.', 276),
(37, 4, 'Quelle est la devise de Poudlard ?', 2, 'J.K. Rowling a suffisamment étudié le latin pour pouvoir inventer de toute pièce une devise pour Poudlard : "Draco dormiens nunquam titillandus", que l''on peut traduire par "Il ne faut jamais chatouiller un dragon qui dort".', 517),
(38, 4, 'Lequel de ces mots de passe n''a jamais permis d''ouvrir le bureau d''Albus Dumbledore ?', 3, 'Pour entrer dans le bureau, il faut s''adresser à une gargouille très moche, et lui donner le mot de passe choisi par le directeur. Chocogrenouille n''a jamais servi de mot de passe à Albus Dumbledore, qui a pourtant souvent utilisé des noms de confiseries', 518),
(39, 4, 'De qui la mangemort Bellatrix Lestrange, "la plus loyale servante du Maître des Ténèbres", est-elle la cousine ?', 3, 'Bellatrix Lestrange, fille de Druella Rosier et Cygnus Black III, est la cousine de Sirius Black.', 279),
(40, 4, 'L''argent des sorciers est composé de trois pièces. Lesquelles ?', 3, 'L''argent frappé par les gobelins est émis sous la forme de pièces en or, en argent et en bronze. "Celles en or sont des Gallions. En argent, ce sont les Mornilles. Il y a dix-sept Mornilles d''argent dans un Gallion d''or et vingt-neuf Noises de bronze dans une Mornille. C''est facile à retenir", explique Hagrid à Harry. Donc, 1 Gallion = 17 Mornilles = 493 Noises.', 40),
(41, 5, 'Quel est le prénom de la "belle" dans La Belle et le Clochard ?', 1, 'Peg est une chienne des rues n’ayant pas de famille adoptive, le Clochard la libère alors qu''elle vient d''être attrapée par le gardien de la fourrière avec le bouledogue Bull. Darling est la propriétaire de Lady.', 521),
(42, 5, 'Lequel de ces films n’est pas un Disney ?', 1, 'Le Géant de Fer est une production de Warner Bros.', 522),
(43, 5, 'Quel est le titre anglais de Cendrillon ?', 1, 'Cendrillon n''est que le surnom de l''héroïne, dérivé du fait qu''elle travaille constamment auprès du foyer et qu''elle est donc salie par la cendre, qui a toujours été symbole d''humiliation et de pénitence.', 523),
(44, 5, 'Dans Le Roi Lion, que veut dire "Hakuna matata" (en langue swahilie) ?', 1, 'Hakuna matata est une devise issue de l''expression swahilie Hakuna matatizo, signifiant « il n''y a pas de problème ».', 44),
(45, 5, 'Quel est le premier long-métrage d’animation des studios Disney ?', 2, 'Walt Disney et son studio se lancèrent dans le long métrage d''animation en 1934 et sortirent leur premier film en 1937, Blanche Neige et les Sept Nains. Depuis cette date, les sorties de longs métrages Disney sont devenues presque régulières, voire annuelles selon les périodes. La plupart des films ont été distingués.', 285),
(46, 5, 'Quel est le premier film coproduit par les studios Disney (avec Pixar) réalisé totalement en images de synthèse ?', 2, 'Après le film Toy Story réalisé en partenariat avec la Walt Disney Company , la société Pixar a signé un accord le 24 février 1997 pour coproduire avec Disney cinq longs métrages d''animation totalement en image de synthèse durant les 10 années qui suivirent.', 286),
(47, 5, 'Dans Pinocchio, comment s''appelle le poisson rouge de Geppetto ?', 2, 'Figaro est le chat de Gepetto et Gédéon est le partenaire de Grand Coquin.', 47),
(48, 5, 'En quelle année le film Peter Pan est-il sorti ?', 3, 'Peter Pan est sorti le 5 février 1953 aux États-Unis mais il faudra attendre le 18 décembre pour qu''il sorte en France.', 48),
(49, 5, 'Dans Pocahontas, comment s’appelle le gouverneur de l''expédition britannique ?', 3, 'Percy est le chien du Gouverneur Ratcliffe et Wiggings est le son serviteur.', 529),
(50, 5, 'Quel Disney a réalisé le plus d’entrées ?', 3, 'En 2020, le Roi Lion totalise 1 656 963 790 $ de recettes, devant La Reine des Neiges.', 290),
(51, 6, '"Merci la gueuse, tu es un laideron, mais tu es bien bonne !"', 1, '', 51),
(52, 6, '« Vous voulez un whisky ? », « Juste un doigt », « Vous ne voulez pas un whisky d’abord ? »', 1, '', 52),
(53, 6, '« Il y a forcément une amicale d’anciens nazis. Ou un club, une association… Un mémorial nazi peut-être ? »', 1, '', 293),
(54, 6, '"Vous avez de la pâte ? Vous avez du suque ? Avec la pâte, vous faites une crêpe et vous mettez du sucre dessus !"', 1, '', 294),
(55, 6, '« Les cons ça ose tout. C’est même à ça qu’on les reconnaît »', 2, '', 295),
(56, 6, '"C''est un arbre ! Un arbre qui chante !"', 2, '', 536),
(57, 6, '"Il faut que ce soit green ok ?"', 2, '', 57),
(58, 6, '« Tu m''emmerdes gentiment, affectueusement, avec amour. Mais tu m''emmerdes. »', 3, '', 298),
(59, 6, '"C''est la porte ouverte à toutes les fenêtres."', 3, '', 299),
(60, 6, '"Insulte-moi en Allemand, vas-y"', 3, '', 300),
(61, 7, 'Comment détermine-t-on le signe astrologique d''une personne ?', 1, 'C''est en observant le Soleil depuis la Terre le jour de la naissance qu''on détermine le signe astrologique du nouveau né. Notre étoile se trouve alors dans l''axe de l''une des 12 constellations, et c''est ainsi qu''on trouve son signe astrologique.', 301),
(62, 7, 'Que représente l''ascendant ?', 1, 'Le signe ascendant est un élément important du thème astral. Il est l''une des clefs permettant de cerner la personnalité des individus : en effet, il correspond à la partie apparente de la personnalité et révèle le caractère d''une personne tel que les autres le perçoivent au premier abord.', 62),
(63, 7, 'Comment est calculé l’ascendant ?', 1, 'L''ascendant se calcule grâce à la connaissance de l''heure et du lieu de naissance de la personne. Ces dernières indiquent notamment quel est le degré de l''écliptique où se trouve l''ascendant en fonction du temps sidéral du thème astral considéré et de la latitude géographique du lieu pour lequel on dresse le thème.', 543),
(64, 7, 'Les signes peuvent appartenir à quatre éléments différents, tout le monde le sait : mais quel est celui du Bélier ?', 1, 'Parmi les signes d''eau, il y a le Cancer, le Scorpion et le Poisson. Les signes de terre sont le Taureau, le Vierge et le Capricorne. Les signes de feu sont le Bélier, le Lion et le Sagittaire alors que les signes d''air sont les Gémeaux, la Balance et le Verseau.', 544),
(65, 7, 'Lequel de ces signes est réputé le plus drôle ?', 2, 'Les Sagittaire adorent faire rire ceux qui les entourent. Avec leur charme et leur esprit, ils peuvent facilement divertir tout un groupe de personnes sans aucun effort.', 545),
(66, 7, 'Du point de vie de la compatibilité des signes, quel couple est a priori le plus à risques ?', 2, 'Les Cancer aiment prendre leur temps en amour comme dans la vie et sont très pragmatiques. Les Balance aiment plutôt aller vite et ont tendance à tout vouloir analyser.', 546),
(67, 7, 'Quels sont les natifs du zodiaque réputés les plus susceptibles ?', 2, 'Le Cancer est le signe le plus susceptible du zodiaque, c''est un vrai boudeur ! Cela peut paraître puéril, mais ce grand sensible est en fait réellement vexé.', 547),
(68, 7, 'Qu’est-ce que le signe du serpentaire ?', 3, 'Le Serpentaire est la 13ème constellation du zodiaque appelé également Ophiuchus selon la mythologie grecque, est symbolisé par un homme portant à bout de bras un serpent. Cette constellation est traversée par le soleil entre le 29 novembre et le 18 décembre de notre calendrier.', 548),
(69, 7, 'Comment calcule-t-on son chemin de vie en numérologie ?', 3, 'Pour calculer son chemin de vie, il suffit de partir de la date de naissance et de la réduire à sa valeur numérique. Exemple : si vous êtes né(e) le 9 octobre 1993, vous devrez d''abord identifier la valeur du jour, du mois et de l''année de votre naissance. Ils doivent être réduits à un seul chiffre. Dans notre exemple : le jour de naissance est 9, le mois est Octobre donc 10 et par conséquent 1 (1+0), l’année équivaut à 22 (1+9+9+3). Puis on additionne tous ces chiffres et on en fait la somme pour réduire le chemin de vie à un seul chiffre. Ici ça donne 9+1+22 = 32, et 3+2 = 5.', 309),
(70, 7, 'Qu''est-ce que "l''effet Barnum" en astrologie ?', 3, 'Appelé aussi effet Forer ou effet puits, il désigne un biais cognitif induisant toute personne à accepter une vague description de la personnalité comme s''appliquant spécifiquement à elle-même.', 550),
(71, 8, 'Lequel de ces prix est synonyme de consécration pour un architecte ?' , 1, 'Le prix de l''Équerre d''argent est un prix créé en 1960 et décerné jusqu''en 1974, puis repris en 1983 par la revue Le Moniteur des travaux publics et du bâtiment.', 551),
(72, 8, 'Quelle est la particularité de l''hôtel Burj Al Arab de Dubaï ?', 1, 'Le Burj al Arab (qui peut être traduit par la Tour d’Arabie) est un hôtel de luxe situé sur une île artificielle à 300 m de la plage de Jumeirah, à Dubaï, dans les Émirats arabes unis. Avec ses 321 mètres de hauteur, c''est le troisième hôtel le plus haut du monde, et c''est également l''un des plus chers. La construction du Burj al Arab a débuté en 1994, et l''établissement a été ouvert aux visiteurs le 1er décembre 1999.', 72),
(73, 8, 'Quelle vertu reconnaît-on généralement à la construction du musée Guggenheim à Bilbao ?', 1, 'La fondation Solomon Guggenheim, de la famille américaine du même nom, cherchait une ville européenne pour installer un musée frère du Guggenheim de New York : ils ont choisi Bilbao. Le gouvernement régional basque releva le défi de ce projet de 150 millions d''euros, financé à 100% par des fonds publics locaux.', 313),
(74, 8, 'Dans quel pays a été construit le premier immeuble tournant sur lui-même ?', 2, 'La Suite Vollard, c''est le seul immeuble au monde de forme cylindrique dans lequel les 11 appartements de 287 m2  peuvent effectuer une rotation de 360° ! Il est situé à Curitiba, au Brésil et est l''oeuvre de la société MORO basée dans la même ville', 554),
(75, 8, 'De quelle ville le Pont Juscelino Kubitschek est-il devenu un symbole ?', 2, 'Le pont Juscelino Kubitschek, également connu sous le nom de pont du President JK ou pont JK, permet la traversée du lac Paranoá à Brasília.', 315),
(76, 8, 'Quel célèbre opéra a été construit par l''architecte danois Jorn Utzon ?', 2, 'L''Opéra de Sydney est l''un des plus célèbres bâtiments du XXᵉ siècle et un haut-lieu de représentation des arts notamment lyriques. Son architecture originale, qui ressemble à un voilier pour les uns, ou à un coquillage pour les autres, a été imaginée par le Danois Jørn Utzon', 556),
(77, 8, 'Où se situe la mosquée du Cheikh Zayed, dont la construction s''est achevée en 2007 ?', 2, 'La mosquée « Sheikh Zayed», avec sa superficie totale de 22 412 m2 et sa capacité à accueillir jusqu''à 40 000 visiteurs, est la plus grande mosquée des Émirats arabes unis et la neuvième au rang mondial.', 77),
(78, 8, 'Quel est le principal architecte de l''Allianz Arena, à Munich ?', 3, 'Ils sont notamment connus pour avoir aussi réalisé le Tate Modern (Londres), le Stade national (Pékin) ou encore le Nouveau stade de Bordeaux.', 558),
(79, 8, 'Quel est ce bâtiment, qui joue sur un design épuré, refuse la verticalité, cherche à s''ouvrir à la surface extérieure ?' , 3, 'Avec ses longues lignes discrètement incurvées et ses façades en aluminium anodisé qui reflètent le paysage, le musée déploie sa délicate silhouette de verre et de lumière le long d''une ancienne mine de charbon. Il se découvre peu à peu, à mesure qu''on s''en approche par le parc qui l''environne.', 559),
(80, 8, 'Quelle a été la principale intention de l''agence OMA avec le CCTV Headquarters ?', 3, 'Le siège de la Télévision centrale de Chine est un ensemble d''immeubles situé dans le nouveau quartier d''affaires de l''est de Pékin. Son bâtiment principal, le plus spectaculaire, atteint 234 mètres et se distingue par sa forme originale. L''ensemble a été conçu par le cabinet d''architecte néerlandais Rem Koolhaas.', 80),
(81, 9, 'Lequel de ces travaux Héraclès n''a-t-il pas effectué ?', 1, 'Voici les 12 travaux : tuer le lion de Némée, tuer l’hydre de Lerne, capturer la biche de Cérynie, capturer le sanglier d’Érymanthe, nettoyer les écuries d’Augias en un jour, tuer les oiseaux du lac Stymphale, capturer le taureau furieux de Crête, capturer les juments de Diomède, rapporter la ceinture d’Hippolyte, tuer le monstre Géryon et voler son troupeau, prendre les pommes d’or du jardin des Hespérides, capturer Cerbère et délivrer Thésée des enfers', 321),
(82, 9, 'Qui a l''idée du cheval de Troie pour enfin pénétrer les murailles de la ville ?', 1, 'Dans la mythologie grecque, l''épisode du cheval de Troie est un événement décisif de la guerre de Troie. À l''initiative d''Ulysse, des guerriers grecs réussissent à pénétrer dans Troie, assiégée en vain depuis dix ans, en se cachant dans un grand cheval de bois, harnaché d''or, offert aux Troyens.', 322),
(83, 9, 'Phébé, Cronos, Crios ou encore Thémis sont des...', 1, 'Enfants d''Ouranos et de Gaïa, les titans sont la troisième génération d’enfants du couple, après les trois hécatonchires, de gigantesques monstres, et les trois cyclopes.', 323),
(84, 9, 'Pandore a été bien bête d''ouvrir la boîte. Mais qui a été suffisamment perfide pour la lui confier ?', 1, 'Pandore apporta dans ses bagages une boîte mystérieuse que Zeus lui interdit d''ouvrir. Celle-ci contenait tous les maux de l''humanité, notamment la Vieillesse, la Maladie, la Guerre, la Famine, la Misère, la Folie, le Vice, la Tromperie, la Passion, l''Orgueil ainsi que l''Espérance. ... L''Espérance seule resta.', 564),
(85, 9, 'Comment s''appelle le fleuve qui sépare le monde terrestre des Enfers ?', 2, 'Dans la mythologie grecque, Styx est une Océanide, fille aînée d''Océan et de Téthys, ou une déesse, fille d''Érèbe (les Ténèbres) et de Nyx (la Nuit) selon d''autres traditions. Elle personnifie le Styx, l''un des fleuves et points de passage des Enfers', 565),
(86, 9, 'Au début, en quoi se transformait Zeus pour ses rendez-vous coquins avec Io ?', 2, 'Io, prêtresse au temple d''Héra à Argos, fut remarquée un jour par Zeus et elle devint rapidement une de ses nombreuses maîtresses. Zeus lui donnait de fréquents rendez-vous en se changeant en nuage. Leur relation continua jusqu''à ce que Héra, l''épouse de Zeus, les eût presque surpris en forêt. Zeus parvint à échapper à cette situation en transformant Io en une belle génisse blanche.', 86),
(87, 9, 'Combien d''années la pauvre Pénélope a-t-elle attendu son mari ?', 2, 'L’Odyssée d’Ulysse a duré 20 ans et Pénélope a patienté des années durant.', 327),
(88, 9, 'Comment appelle-t-on généralement Castor et Pollux ?', 3, 'Castor et Pollux sont, dans la mythologie grecque, les fils jumeaux de Zeus et de Léda. Ils sont appelés les Dioscures ce qui signifie les « fils de Zeus » en grec.', 88),
(89, 9, 'Comment s''appelait le navire sur lequel Jason et les siens ont vogué à la recherche de la toison d''or ?', 3, 'Argo était le nom de la monère à bord de laquelle Jason et les Argonautes naviguèrent depuis Pagases, port d''Iolcos, d''où ils embarquèrent pour retrouver la Toison d''or.', 89),
(90, 9, 'Qui a donné son trident à Poséidon ?', 3, 'Les cyclopes créent le trident de Poséidon, l''arc et les flèches d''Artémis et la kunée d''Hadès.', 570),
(91, 10, 'Quelle est la capitale de l''Irlande ?', 1, 'Dublin est à la fois la capitale et la plus grande ville irlandaise. La région du Grand Dublin abrite 1 804 156 habitants.', 331),
(92, 10, 'Quel est le symbole du pays ?', 1, 'Son origine remonterait au Ve siècle, lors de l’évangélisation de l’île par saint Patrick.', 572),
(93, 10, 'Quel est le nom de l''Irlande dans la langue officielle en cours ?', 1, 'Plusieurs langues sont parlées sur l''île d''Irlande qui ont toutes un statut de langue officielle : l''anglais qui est la principale langue parlée. 1,6 million de personnes ont une certaine connaissance du gaélique irlandais (Éire en irlandais), tandis que 250 000 en ont une bonne connaissance.', 333),
(94, 10, 'Combien de sélection nationale compte le pays en rugby ?', 1, 'Contrairement au foot qui compte deux équipes, une pour l''Irlande du Nord, l''autre pour l''Irlande du Sud, l''Irlande ne compte qu’une seule sélection en rugby.', 94),
(95, 10, 'La Saint Patrick c’est une fête …', 2, 'Contrairement à une idée répandue, la Saint Patrick n''est pas la fête nationale irlandaise. D’ailleurs l''Irlande n’en a pas. La Saint Patrick est une fête chrétienne que l''Irlande célèbre depuis le IXe siècle.', 335),
(96, 10, 'Qu''est-ce qui rapproche la Bretagne de l’Irlande ?', 2, 'Irlande, Écosse, Pays de Galles et Bretagne partagent la même culture celte au travers de la musique notamment.', 336),
(97, 10, 'Quel est le grand classique de la gastronomie irlandaise ?', 2, 'L’Irish stew en anglais ou stobhach Gaelach en irlandais est une spécialité irlandaise à base de viande d''agneau, servie avec des pommes de terre, des oignons, de menthe et des carottes. Il s''agit d''une potée, historiquement à base de viande de mouton.', 577),
(98, 10, 'Quelle route panoramique relie Belfast à Derry ?', 3, 'Route populaire connue pour ses remarquables panoramas sur la mer et les falaises, ainsi que pour ses nombreux points de vue.', 338),
(99, 10, 'Le pays est divisé en deux : l''Irlande du Nord et…', 3, 'La géographie des Iles Britanniques permet de se faire une bonne idée de l’humour anglais. L''Irlande du Nord appartient au Royaume Uni, avec l''Angleterre, l''Écosse et le Pays de Galles. La République d''Irlande a pour capitale Dublin, et celle du Nord Belfast. Il y a 6 comtés en Irlande du Nord pour 26 au Sud.', 99),
(100, 10, 'Quel est le plus long cours d''eau d''Irlande ?', 3, 'Le Shannon est un fleuve irlandais de 322km de long, qui traverse l''Irlande d’Est en Ouest. Considéré comme l''un des fleuves majeurs d''Irlande, il est aussi l''un des plus prolifiques en matière de poissons. Les habitants vivant sur ses rives ont toujours su exploiter le Shannon pour leur subsistance, et encore aujourd''hui, le Shannon est l''épicentre d’une intense activité économique…', 580),
(101, 11, 'Qu''est-ce que le Sacré-Cœur ?', 1, 'La basilique du Sacré-Cœur de Montmartre, dite du Vœu national, située au sommet de la butte Montmartre, dans le quartier de Clignancourt du 18e arrondissement de Paris, est un édifice religieux parisien majeur, « sanctuaire de l''adoration eucharistique et de la miséricorde divine » et propriété de l''archidiocèse de Paris.', 341),
(102, 11, 'Quel est le second nom, plus commun, utilisé pour parler du musée d’art contemporain « centre Georges Pompidou » ?', 1, 'On appelle cet emplacement le plateau Beaubourg. En 1960, c''est un terrain vague qui sert de parking. Mais il n''en a pas toujours été ainsi. Situé entre les anciennes Halles de Paris et le quartier du Marais, dans le quartier Beaubourg (nommé ainsi par dérision tant il était pauvre et mal famé à cause de l''opulence paroisse Saint-Merri), il est bordé par deux axes : à l''ouest, par la rue Saint Martin et, à l''est, par la rue du Temple.', 582),
(103, 11, 'Qu''est-ce que La Courneuve ?', 1, 'La même année le taux de pauvreté s''élève à 41,7 % pour la commune (contre 27,8 % pour le département de Seine-Saint-Denis). Le taux de chômage atteint 27 % en 2019 (43 % chez les 15-24 ans) et certains services publics sont menacés.', 343),
(104, 11, 'Quel est le surnom de Paris ?', 1, 'On appelle Paris "la ville lumière" parce que c''est à Paris qu''est né le premier éclairage public sous Louis XIV en 1665 avec la création du premier établissement de lanternes ! Avant la ville était un véritable coupe-gorge.', 344),
(105, 11, 'Quel est le classement mondial de Paris pour son PIB par habitant ?', 2, 'La région parisienne concentre 31 % de la richesse nationale. Elle condense, à elle seule, le quart de l''emploi en France et attire donc sans cesse des salariés et en particulier ceux des régions voisines. L''offre d''emploi confère ainsi au territoire un caractère attractif au-delà de ses frontières.', 585),
(106, 11, 'Quel est le point naturel le plus haut de Paris ?', 2, 'À 131 mètres d''altitude, c''est bien le cimetière du Calvaire qui jouxte la basilique du Sacré-Cœur le point naturel culminant de la capitale. Un autre cimetière, celui de Belleville, est quant à lui à 128,64 mètres d''altitude. Les fondations de la basilique de Montmartre ne sont qu’à 128,2 mètres !', 106),
(107, 11, 'Combien de monuments historiques compte Paris ?', 2, 'Paris compte 1855 édifices comportant au moins une protection au titre des monuments historiques dont 450 sont classés et 1505 sont inscrits. Le total des monuments classés et inscrits est supérieur au nombre total des monuments protégés car plusieurs d''entre eux sont à la fois classés et inscrits.', 107),
(108, 11, 'Qui était le « père La Chaise » qui a donné son nom au cimetière ?', 3, 'François d''Aix de La Chaise (1624-1709), dit le Père La Chaise était homme d''Église et surtout le confesseur du roi Louis XIV. Les frères Lachaise étaient aussi propriétaires du terrain (alors en pleine campagne), qui est devenu plus tard le cimetière.', 588),
(109, 11, 'Qui est le père du métro parisien ?', 3, 'Fulgence Bienvenüe était un ingénieur qui s’est d’abord occupé d’eau puis de chemin de fer… avant de concevoir le métro. La station Montparnasse-Bienvenüe, c’est en son honneur !', 349),
(110, 11, 'Pourquoi la Bièvre, deuxième fleuve de Paris après la Seine, est-elle enterrée ?', 3, 'Toutes les immondices, notamment celles des tanneries et tapisseries, y étaient déversées le long de son parcours dans ce qui sont aujourd’hui les 5e et 13e arrondissements… Pour des questions d''hygiène, elle fut recouverte lors de la transformation de Paris par le baron Haussmann. Devenue égout et effacée jusque dans la mémoire des Parisiens, seules quelques plaques commémoratives permettent de maintenir le souvenir de cet ancien affluent de la Seine.', 590),
(111, 12, 'Lequel de ces quartiers célèbres ne se situe pas à New-York ?', 1, 'Il se situe à San Fransisco, au Nord-Est de la ville, entre Union Square (au sud), Chinatown (à l’Est) et Russian Hill (au nord). A côté de Nob Hill se trouvent également le quartier financier, Telegraph Hill et Market Street. Dans sa partie Sud-Ouest, Nob Hill se confond un peu avec Tenderloin, ce qui vaut à cette partie le surnom de « Tendernob ».', 351),
(112, 12, 'Parmi les définitions suivantes, laquelle désigne une métropole ?', 1, 'La première définition désigne une mégapole, la troisième une mégalopole.', 352),
(113, 12, 'Quel était le nom de la ville d’Istanbul pendant l’Antiquité ?', 1, 'En 330, Byzance devient Istanbul. C’est en 310 que Lutèce change de nom pour celui de Paris, Petrópolis existe toujours et est connue comme la Cité impériale du Brésil, située au centre de l’État de Rio de Janeiro.', 113),
(114, 12, 'La ville de Mexico est connue pour… ', 1, 'Plus globalement le Mexique compte 113 millions d''hispanophones (126,2 millions d''habitants)', 354),
(115, 12, 'Dans quel état se situe Chicago, la troisième plus grosse ville américaine en termes de population ?', 2, 'L''Illinois est un État du Midwest des États-Unis. Sa capitale est Springfield, mais la plus grande ville est Chicago, troisième agglomération des États-Unis, qui concentre à elle seule plus du cinquième de la population totale de l''État. Il comporte 102 comtés.', 115),
(116, 12, 'Quelle ville touristique est la plus visitée au monde ?', 2, 'Avec plus de 20 millions de visiteurs internationaux en 2017, Bangkok est la première ville touristique du monde, devant Londres et Paris d''après le « Global Destination Cities Index ».', 116),
(117, 12, 'Laquelle de ces villes compte le plus d''habitant aujourd''hui ?', 2, 'Le grand Tokyo est la mégapole la plus peuplée du monde avec 37,8 millions d’habitants en 2020. Ce qui représentait alors approximativement 4 550 habitants au km2.', 597),
(118, 12, 'La capitale du Bangladesh est la ville la plus dense du monde, avec 47000 habitants au km2. Il s’agit de…', 3, 'La première chose qui frappe le visiteur qui arrive à Dacca, c’est la foule. Pas vraiment étonnant : il s''agit de la capitale d’un des pays ayant la plus forte densité de population au monde, 160 millions d''habitants pour un territoire égal au quart de la France métropolitaine. Le Bangladesh est l''un des grands pays les plus pauvres de la planète et ça se reflète dans sa capitale.', 358),
(119, 12, 'Quelle grande ville du Moyen-Orient signifie « La Victorieuse » en arabe ?', 3, 'Le Caire, capitale de l’Egypte, est l''une des plus grosses villes d''Afrique. Avec ses 22 millions d’habitants, la ville est polluée, grouillante, fatigante, mais remplie de charme. L''histoire résonne au Caire : des pyramides de Gizeh aux ruelles pittoresques du vieux Caire islamique, ou encore des mastabas de Saqqarah. La ville a traversé les siècles.', 599),
(120, 12, 'Quelle est la ville française la plus dense ?', 3, 'La commune des Hauts-de-Seine enregistre près de 27 000 habitants au km2.', 600),
(121, 13, 'À quel tableau Léonard de Vinci doit-il sa renommée?', 1, 'Léonard de Vinci acquiert sa célébrité grâce à une grande fresque murale de 4,60m de hauteur par 8,80m de largeur, intitulée La Cène. Elle représente le dernier repas de Jésus avec ses disciples mais également l''annonce de la trahison de Judas. Il l''a peinte sur un mur du réfectoire du couvent dominicain de Santa Maria Delle Grazie, à Milan, entre 1495 et 1498. L''artiste impressionne ses contemporains par ses innovations. Il utilise les jeux de lumière et les perspectives qui convergent vers le Christ au centre, donnant un sentiment de rayonnement. Par ailleurs, Léonard rompant avec la tradition iconographique -qui jusque-là mettait en avant Jean et Judas- peint tous les disciples de manière différente et en mouvement, discutant. Et surtout il figure les sentiments qui les habitent : stupeur, interrogation, dépit, consternation… ', 361),
(122, 13, 'Quel est le rêve de Léonard de Vinci ?', 1, 'Léonard de Vinci a une véritable fascination, voir une obsession, pour le vol. Il souhaite permettre à l''homme de voler. C''est pourquoi il étudie la botanique, la zoologie, les dissections d''hommes afin de comprendre les mécaniques du corps et du mouvement. Il s''intéresse tout particulièrement au vol des chauves-souris. Ses travaux le conduisent à concevoir les plans d''une machine volante de 12 mètres d''envergure, d''un parachute, d''une hélice volante (anticipation de l''hélicoptère).', 362),
(123, 13, 'À la fin de sa vie, Léonard de Vinci souffrait…', 1, 'Dans le Journal of the Royal Society of Medecine, le chirurgien Davide Lazzeri et le neurologue Carlo Rossi, qui exercent tous deux en Italie, attribuent à une lésion nerveuse (paralysie ulnaire ou cubitale) ce handicap, qui empêchait Léonard de Vinci d''utiliser sa main droite pour peindre ou tenir sa palette, même s''il a pu continuer à enseigner et à dessiner avec sa main gauche.', 363),
(124, 13, 'Quelle technique de peinture rend célèbre Léonard de Vinci ?', 2, 'Il s''agit du sfumato. C''est une technique picturale qui produit un effet vaporeux et des contours imprécis, en superposant plusieurs couches de peintures. Léonard de Vinci ne l''a pas inventée -elle date du XVe siècle et vient des peintres flamands- mais il l''a perfectionnée. Le stucco (stuc) est un enduit à base de chaux, imitant le marbre, très fréquemment utilisé par les Romains, pour la décoration des monuments publics et habitations. Et la technique de peinture murale «a fresco», consiste à peindre sur un enduit frais, ainsi les pigments pénètrent le plâtre et les couleurs durent plus longtemps.', 124),
(125, 13, 'Outre la Joconde, Léonard de Vinci a fait le portrait d''une femme nommée…', 2, 'Elle est représentée de trois quarts, sa tête tournée vers le spectateur mais son regard le fuyant (avec une expression non dénuée de froideur, voire de secrète dureté). Elle porte une scuffia, un bonnet en arrière de la tête. Une ferronnière, une bandelette nouée à l''arrière de la tête, ornée d''un camée ou d''une pierre précieuse (une parure à la mode en Lombardie) ceint son front.', 365),
(126, 13, 'Parmi les artistes qui ont détourné le visage de Mona Lisa, l’un l’a affublé d’une moustache. Qui est-il ?', 2, 'L.H.O.O.Q. est une œuvre d''art de 1919 de Marcel Duchamp, parodiant La Joconde de Léonard de Vinci. Son titre est à la fois un homophone du mot anglais look et un allographe que l''on peut ainsi prononcer : « elle a chaud au cul ».', 366),
(127, 13, 'En 1501, Léonard de Vinci propose la construction de quel pont ?', 2, 'Le Pont de Léonard est un pont d''une seule travée conçu par Léonard de Vinci en 1502, dans le cadre d''un projet de génie civil à la Corne d''Or à Constantinople, pour le sultan ottoman Bajazet II. Le pont avait alors été imaginé en pierre et devait enjamber la Corne d''Or. Plus tard, un autre pont a été construit à cet endroit, le Pont de Galata.', 607),
(128, 13, 'Enfant, auprès de quel peintre Léonard de Vinci est-il placé ?', 3, 'Vers 1467 ou 1469 son père constatant les aptitudes de son fils pour le dessin, place Léonard comme apprenti dans l''atelier d''Andrea del Verrocchio -orfèvre, sculpteur et peintre réputé- à Florence. Le maître lui apprend ainsi la sculpture et la peinture mais également les perspectives. C''est aussi dans cet atelier que Léonard côtoie Sandro Botticelli et Le Pérugin.', 128),
(129, 13, 'À quel âge Léonard de Vinci devient-il membre de la guilde des peintres de Florence ?', 3, 'C''est en 1472, âgé de 20 ans, que le jeune artiste intègre la compagnie de Saint Luc, l''association regroupant les peintres de Florence. Néanmoins il fait le choix de rester encore quelques années chez Andrea del Verrocchio. Puis estimant avoir dépassé le maître, il devient peintre indépendant. Mais sa première grande commande date de mars 1481 : L''Adoration des Mages pour les moines de San Donato à Scopeto. L''œuvre est inachevée car le peintre est appelé à Milan l''année suivante.', 609),
(130, 13, 'Quelle était la première oeuvre du jeune Léonard ?', 3, 'Dans les années 1490 à Milan, Léonard de Vinci a schématisé le cerveau, figurant trois ventricules où se logent les quatre fonctions de l''intellect : la sensation, la mise en images, le jugement, la mémoire. Une organisation parfaite, à l''instar d''un monde créé par Dieu. Sur le même tracé où figure cette fantaisie sacrifiant aux croyances de son temps, le dessinateur séparait avec davantage de pertinence l''enveloppe du cerveau jusqu''à la pie-mère, membrane pourtant difficile à discerner à l’œil nu.', 130),
(131, 14, 'Du XIVe au XVIIe siècle, cette maladie aurait fait dans le monde plus de 100 millions de victimes, laquelle ?', 1, 'La peste noire est la première pandémie à avoir été bien décrite par les chroniqueurs de l''époque. Elle tue entre 30 % et 50 % des Européens en 6 ans. Ses conséquences sur la civilisation européenne sont sévères et longues, d''autant que cette première vague est considérée comme le début explosif et dévastateur de la deuxième pandémie de peste, qui dure de façon plus sporadique jusqu''au début du XIXe siècle.', 131),
(132, 14, 'Quelle ville a été détruite par l''éruption du Vésuve en 79 ?', 1, 'La destruction de Pompéi résulte de l''ensevelissement de la ville romaine sous les cendres libérées par l''éruption du Vésuve en octobre 79. Lors de cette éruption volcanique de type plinien, les villes voisines d''Herculanum, Oplontis et Stabies furent également ensevelies.', 612),
(133, 14, 'En quelle année le Titanic a fait naufrage ?', 1, 'Le naufrage du Titanic a mis fin à la traversée inaugurale du RMS Titanic, un paquebot qui devait relier Southampton à New York. Il se déroule dans la nuit du 14 au 15 avril 1912 dans l''océan Atlantique Nord au large de Terre-Neuve. Le nombre de victimes s''élève à 1504 contre 719 survivants.', 133),
(134, 14, 'Quelle canicule a été la plus meurtrière en France ces dernières années ?', 1, 'La canicule européenne de 2003 est un événement climatique d''ampleur exceptionnelle survenu de juin à août 2003 et qui a été marqué par de nombreux records de température au cours de la première quinzaine du mois d''août. Cette canicule a suivi un printemps exceptionnellement chaud et sec où les températures atteignent à certains endroits déjà 30 °C fin avril. Cette canicule importante associée à une sécheresse record rappelle la vague de chaleur de l''été 1947 en Europe et la sécheresse de 1976. En France elle a fait 20 000 morts.', 134),
(135, 14, 'Le 8 mai 1902, quelle ville de Martinique disparaissait sous les cendres de la montagne Pelée ?', 2, 'L''éruption de la montagne Pelée en 1902 est une éruption volcanique, la plus meurtrière du XXᵉ siècle ; sa nuée ardente du 8 mai 1902 reste célèbre pour avoir en quelques minutes : entièrement détruit ce qui était alors la plus grande ville de l''île française de la Martinique, Saint-Pierre, décimé ses habitants.', 135),
(136, 14, 'Comment se nomme le volcan qui a fait 80 000 morts en 1883 en Indonésie ?', 2, 'Ce volcan s''est d''ailleurs réveillé dans la nuit du 10 au 11 avril 2020.', 376),
(137, 14, 'Quelle ville connait le plus grand tremblement de terre le 8 avril 1906 ?', 2, 'Le séisme de 1906 à San Francisco désigne le séisme qui toucha principalement San Francisco au matin du mercredi 18 avril 1906. Il a été estimé à une magnitude d''environ 7, et son épicentre se situait à 12,1 km à l''ouest de San Francisco sur le système de faille se trouvant au large des côtes.', 137),
(138, 14, 'Quelle catastrophe est survenue la nuit du 3 décembre 1984 et qui est la conséquence de l’explosion d’’une usine d’une filiale de la firme américaine Union Carbide produisant des pesticides ?', 3, 'Cet accident industriel tua officiellement 3 828 personnes, ce bilan ayant été revu en 1989 à 3 598 morts, puis à 7 575 en 1995. Il fit en fait entre 20 000 et 25 000 morts selon les associations de victimes. Il y aurait eu 3 500 morts la première nuit et un grand nombre par la suite : la moitié dans les premières semaines et l''autre moitié de maladies provoquées par l''exposition aux gaz.', 618),
(139, 14, 'En 1530, à la St Felix, des inondations massives emportaient 400 000 personnes dans ce pays. Lequel ?', 3, 'De grandes parties de la Flandre et de la Zélande ont été sévèrement touchées ce qui a vraisemblablement causé plus de 100 000 morts. Oost-Watering, la région à l''est d''Yerseke, fut complètement engloutie et anéantie.', 619),
(140, 14, 'Quelle est la différence entre l’échelle de Richter et l’échelle MSK (Mercalli) ?', 3, 'L''échelle de Medvedev-Sponheuer-Karnik (aussi appelée échelle MSK) est une échelle de mesure de l''intensité d''un tremblement de terre. Elle a été très utilisée en Europe et en Inde à partir de 1964, souvent sous la désignation MSK64.', 380),
(141, 15, 'Quel monarque a régné le plus longtemps sur le trône d''Angleterre ?', 1, 'Couronnée à l''âge de 25 ans, la reine Victoria a régné durant 63 ans, 7 mois et 2 jours. Henri VII a régné sur l''Angleterre de 1485 à 1509, soit 24 ans. Elizabeth II, toujours sur le trône, a fêté cette année ses 68 ans de règne.', 381),
(142, 15, 'De quelle famille, la reine actuelle appartient-elle ?', 1, 'La maison Windsor est l''actuelle maison royale du Royaume-Uni de Grande-Bretagne et d''Irlande du Nord et des royaumes du Commonwealth. Elle est issue de la maison de Saxe-Cobourg-Gotha, une branche cadette de la maison de Wettin.', 142),
(143, 15, 'Pourquoi Edouard VIII, le frère de George VI, a-t-il été destitué de ses droits d’accès au trône ?', 1, 'Lorsque le roi Édouard VIII abdique ce jeudi 10 décembre 1936 c''est pour convoler avec Wallis Simpson, une américaine quadragénaire divorcée. Par cet acte, il met fin à la crise qui secoue la monarchie britannique, le royaume et l''Empire, durant une semaine.', 143),
(144, 15, 'À quelle église la famille royale est-elle liée ?', 1, '.L’anglicanisme est une confession chrétienne de type protestant. Elle est très liée à l''histoire et à la société anglaises. L''anglicanisme apparaît en 1534 quand le roi d''Angleterre Henri VIII, pour des raisons personnelles, rompt avec la papauté. L''anglicanisme est mis en forme par la reine Élisabeth Ire dans la seconde partie du xvie siècle.', 384),
(145, 15, 'Lequel des pays suivants n’est pas sous le dominion de la reine Elisabeth II ?', 2, 'Elisabeth II est la cheffe du Commonwealth, une organisation intergouvernementale composée de 54 États membres qui sont presque tous d''anciens territoires de l''Empire britannique. L''Afrique du Sud n''en fait pas partie.', 625),
(146, 15, 'Combien d’enfants ont eu la reine Elizabeth et le prince Philip ?', 2, 'Charles, prince de Galles, Anne, princesse royale, Andrew, duc d''York et Edward, comte de Wessex.', 626),
(147, 15, 'Où vivent le Duc et la Duchesse de York ?', 2, 'Kensington Palace est divisé en plusieurs blocs de maisons. Et c''est dans l''appartement 1A que résident Kate, le prince William et leurs trois enfants. L''appartement compte notamment 22 chambres et 3 cuisines.', 147),
(148, 15, 'Quelle maladie héréditaire était si courante qu''on la qualifiait de "maladie royale" ?', 3, 'L''hémophilie est une maladie hémorragique héréditaire, longtemps appelée "maladie royale". La conductrice la plus célèbre de cette maladie est la Reine d’Angleterre et impératrice des Indes, Victoria, qui régna de 1837 à 1901. Son huitième enfant, Léopold, était atteint d''hémophilie, il meurt à 31 ans.', 148),
(149, 15, 'À combien d''euros la fortune de la reine Elizabeth II est-elle estimée ?', 3, 'Avec une fortune estimée à plus de 500 millions de dollars (en 2019), la reine Elizabeth II est à la tête de la famille royale britannique, qui détient un patrimoine aussi riche qu''elle.', 629),
(150, 15, 'Quel métier a exercé Elizabeth II lors de la Seconde Guerre mondiale ?', 3, 'C''est au cours de son service lors de la Seconde Guerre mondiale, qu''Elizabeth II, sous le matricule 230873, apprit à conduire et à réparer des véhicules. Elle devient alors mécanicienne et conductrice d''ambulance.', 390),
(151, 16, 'Quel est le langage informatique le plus courant utilisé pour écrire les pages web ?', 1, 'Le HyperText Markup Language, généralement abrégé HTML ou dans sa dernière version HTML5, est le langage de balisage conçu pour représenter les pages web. Ce langage permet : d''écrire de l''hypertexte, d''où son nom, de structurer sémantiquement la page, de mettre en forme le contenu.', 151),
(152, 16, 'Qu’est-ce qu’une adresse IP ?', 1, 'Tout appareil faisant partie d''un réseau interne ou externe nécessite un « numéro » clair afin de pouvoir communiquer avec les autres appareils et recevoir des paquets de données de leur part.', 152),
(153, 16, 'Que signifie l’action "Drag and Drop" ?', 1, 'Le glisser-déposer est, dans une interface graphique, une méthode consistant à utiliser une souris, pavé ou écran, pour déplacer d''un endroit à un autre un élément graphique présent sur l''écran d''un smartphone, tablette ou ordinateur.', 633),
(154, 16, 'Comment s''appelle la technique utilisée par les fraudeurs qui consiste à dérober vos informations personnelles (n° de carte de crédit, mots de passe, etc.) en se faisant passer pour votre banque via un courrier électronique ou un site web falsifié ?', 1, 'Le spamdexing (ou référencement abusif) désigne des techniques interdites par les moteurs de recherche, permettant de manipuler leurs algorithmes de pertinence. Un backdoor est un programme informatique malveillant qui est utilisé pour donner à un pirate l''accès non autorisé et à distance à un ordinateur compromis en exploitant les vulnérabilités du système.', 634),
(155, 16, 'Combien vaut 1 Mo (mégaoctet) ?', 2, 'Un octet est une unité de mesure de la quantité de données informatiques. Il se compose toujours de huit bits (c''est-à-dire huit "0" ou "1") et permet de coder une information. L''octet a pour mission principale de stocker un caractère (il peut s''agir d''un chiffre, d''une lettre, etc.).', 155),
(156, 16, 'Qu’est-ce qu’un CPU ?', 2, 'Le CPU, de l''acronyme anglo-saxon Central Processing Unit, désigne l''unité de traitement ou microprocesseur principal d''un ordinateur. ... Chargé de l''exécution des instructions des programmes, le CPU est l''élément prédominant d''une configuration informatique.', 156),
(157, 16, 'Quelle est la combinaison de touches qui permet de sélectionner tous les fichiers d''un répertoire sous Windows ?', 2, 'Sous Windows, Crtl + Y permet de répéter la dernière action qui a été annulée et Windows + L verrouille la session en cours.', 157),
(158, 16, 'Comment appelle-t-on un logiciel dont l''utilisateur doit rétribuer l''auteur s''il veut continuer à l''utiliser après une période de gratuité ?', 3, 'Un freeware est un logiciel propriétaire distribué gratuitement sans toutefois conférer à l''utilisateur certaines libertés d''usage associées au logiciel libre. Un logiciel Open Source est quant à lui un type de logiciel informatique dans lequel le code source est publié sous une licence dans laquelle le titulaire du droit d''auteur accorde aux utilisateurs les droits d''utiliser, d''étudier, de modifier et de distribuer le logiciel à quiconque et à n''importe quelle fin.', 638),
(159, 16, 'Comment appelle-t-on les connecteurs utilisés pour brancher les câbles d''un réseau informatique ?', 3, 'La prise RJ45 (Registered Jack) permet de relier divers appareils de communication entre eux. On trouve principalement le RJ45 dans les connexions Ethernet, permettant de connecter son ordinateur à Internet par exemple, ou sa console de jeu. On l''emploie pour la circulation de courants faibles et elle remplace les anciennes prises utilisées pour le téléphone.', 639),
(160, 16, 'Que veut dire FTP ?', 3, 'File Transfer Protocol est un protocole de communication destiné au partage de fichiers sur un réseau TCP/IP. Il permet, depuis un ordinateur, de copier des fichiers vers un autre ordinateur du réseau, ou encore de supprimer ou de modifier des fichiers sur cet ordinateur.', 400),
(161, 17, 'Qu’est-ce qui a été prouvé par Léon Foucault ?', 1, 'D’ailleurs, il est bon de savoir que la Terre ne tourne pas en 24 heures, mais en 23 heures, 56 minutes et 04,3 secondes, qui est la durée du jour sidéral.', 401),
(162, 17, 'Qu''énonce la loi de Lavoisier ?', 1, 'Lavoisier est d''ailleurs à l''origine de la célèbre formule « Rien ne se perd, rien ne se crée, tout se transforme… »', 642),
(163, 17, 'Quelle découverte majeure du XXe siècle découle de la catastrophe ultraviolette ?', 1, 'La physique quantique est l''appellation générale d''un ensemble de théories physiques nées au XXe siècle qui, comme la théorie de la relativité, marque une rupture avec ce que l''on appelle maintenant la physique classique, l''ensemble des théories et principes physiques admis au XIXe siècle.', 643),
(164, 17, 'Que découvre Alexander Fleming en 1928 ?', 2, 'Alexander Fleming a découvert que la moisissure Penicillium notatum synthétisait une substance antibactérienne ; il fut le premier à concentrer cette substance qu''il appela « pénicilline ».', 164),
(165, 17, 'Quel chimiste classe le premier les éléments chimiques dans un tableau périodique des éléments ?', 2, 'Le grand intérêt était de proposer une classification systématique des éléments connus à l''époque en vue de souligner la périodicité de leurs propriétés chimiques, d''identifier les éléments qui restaient à découvrir, voire de prédire certaines propriétés d''éléments chimiques alors inconnus.', 405),
(166, 17, 'Quel mathématicien grec de l''Antiquité mesura le premier le périmètre de la Terre ?', 2, 'Avec ses calculs, il trouve 39 690 km alors que la circonférence exacte de la Terre est de 40 074 km.', 646),
(167, 17, 'Pour quelle découverte Albert Einstein a-t-il reçu le Prix Nobel de physique en 1921 ?', 2, 'L''effet photoélectrique (EPE) désigne en premier lieu l''émission d''électrons par un matériau soumis à l''action de la lumière. Par extension, il regroupe parfois l''ensemble des phénomènes électriques d''un matériau provoqués par l''action de la lumière.', 407),
(168, 17, 'Comment se nomment les expériences que Blaise Pascal a effectué pour démontrer la présence du vide ?', 3, 'En 1647, Blaise Pascal suggère d''élever le dispositif barométrique de Torricelli au sommet du puy de Dôme afin d''éprouver l’hypothèse de la « pesanteur de la masse de l''air », forme primitive de ce qui deviendra la pression atmosphérique.', 408),
(169, 17, 'Qu''est-ce qui fut démontré par William Harvey ?', 3, 'Grâce à cette découverte, il fonde la médecine moderne.', 649),
(170, 17, 'Que découvre Oswald Avery ?', 3, 'Il s''agit de sa découverte la plus connue. Avec Collin MacLeod et Maclyn McCarty, ils montrèrent que l''ADN est la molécule qui porte les informations héréditaires, et donc que c''est la molécule qui constitue les gènes, dans les chromosomes. En son honneur et à défaut du prix Nobel, qui ne put lui être proposé de son vivant, on a donné son nom à un cratère lunaire.', 650),
(171, 18, 'Combien de planètes compte le système solaire ?', 1, 'Au fur et à mesure des découvertes, le nombre n''a cessé d''augmenter. Mais en 2006, alors que le Système Solaire comptait 9 planètes, Pluton a été déclassée car d''autres corps plus grands avaient été découverts. Soit ils devenaient des planètes, soit Pluton perdait son statut.', 411), 
(172, 18, 'Quelle est la plus grande planète du système solaire ?', 1, 'C''est Jupiter, notamment parce qu''elle a été la première planète à se former. Saturne est la deuxième planète la plus grande et la Terre n''est que 5e.', 652), 
(173, 18, 'Qu’est-ce que la période de révolution ?', 1, 'En effet, révolution signifie tourner autour, donc la 3e réponse pouvait être d''ores et déjà éliminée. Mais c''est bien tourner autour du Soleil qui correspond à la révolution des planètes. Pour la Terre, une période de révolution dure environ 365 jours, soit une année.', 173), 
(174, 18, 'Dans quelle galaxie se trouve le Système Solaire ?', 1, 'La Voie du Lait n''existe pas. Mais Andromède existe bien, c''est la plus grande galaxie de notre groupe local.', 654), 
(175, 18, 'Quelle est la deuxième planète la plus proche du Soleil ?', 2, 'Mercure est la planète la plus proche du Soleil tandis que Mars est la 4e planète la plus proche du Soleil. C''est bel est bien « l''étoile du berger » la 2e planète la plus proche du Soleil.', 415), 
(176, 18, 'Quelle est la distance moyenne entre la Terre et le Soleil ?', 2, '150 millions de kilomètre qui équivaut à une unité astronomique (unité de mesure utilisée dans le Système Solaire)', 176), 
(177, 18, 'Combien existe-t-il de planètes telluriques dans le Système solaire ?', 2, 'Les planètes telluriques sont principalement composées de roches et de métaux et ont une densité relativement élevée, une rotation lente, une surface solide, pas d''anneaux et peu de satellites (Mercure, Vénus, la Terre, et Mars par exemple).', 657), 
(178, 18, 'Quel est le plus gros astéroïde du Système Solaire ?', 3, 'Tous ces astéroïdes existent bien, même (274301) Wikipédia, mais c''est bel est bien Cérès, le premier astéroïde à avoir été découvert (comme l''indique le 1), qui est le plus gros des astéroïdes du Système Solaire. Il se situe dans la ceinture de Kepler, entre Mars et Jupiter.', 178), 
(179, 18, 'De quand date le Système Solaire ?', 3, 'C''était il y a déjà plusieurs milliards d''années, 4,55 ou 4,56, les scientifiques ne peuvent pas plus préciser, que le Système Solaire s''est créé.', 659), 
(180, 18, 'Combien de lunes possède Saturne ?', 3, 'Saturne est la planète de notre voisinage cosmique avec le plus grand nombre de lunes connues, on en dénombre à 82.', 660), 
(181, 19, 'Qu''est-ce que signifie l''expression « tannique » ?', 1, 'Issus de la peau des raisins, et donc surtout présents dans les vins rouges, les tanins provoquent une impression de rugosité et de « râpeux » en bouche : c’est l''astringence. Les jeunes Bordeaux rouges sont parfois particulièrement tanniques. Les tanins peuvent provenir aussi d''un élevage en fûts de chêne neufs.', 421),
(182, 19, 'Comment est issue la couleur d''un vin rouge ?', 1, 'La pulpe d''un raisin est incolore. La couleur est donc contenue dans la peau des raisins. On l''extrait en laissant macérer la peau des raisins avec le jus qui se teint progressivement. Des rares cépages dits « teinturiers » possèdent une pulpe colorée, mais ils ne sont guère utilisés dans la production de vin.', 422),
(183, 19, 'À quelle température doit être servi un Champagne ?', 1, 'Un Champagne doit être servi entre 7 et 12 degrés. Trop froid, ses arômes ne s''expriment pas ; trop chaud, le vin perdra de sa légèreté.', 423),
(184, 19, 'Le fût bourguignon a une contenance de...', 2, 'L’équivalent du fut bourguignon est la barrique bordelaise de 225 L.', 424),
(185, 19, 'Château Grand Corbin Despagne est un vin de...', 2, 'Château Grand Corbin-Despagne est un vin de l''appellation Saint-Émilion de la région viticole de Bordeaux, classé Grand Cru dans la classification des vins de Saint-Émilion. La cave est située dans la partie nord de la commune de Saint-Émilion, à proximité de la frontière de Pomerol.', 425),
(186, 19, 'Qui a dit : « Le vin est la plus hygiénique des boissons » ?', 2, 'Pasteur, avec cette précaution en préambule : « Pris en quantité modérée… ».', 186),
(187, 19, 'Dans Les Misérables, Victor Hugo évoque « le bon vin de Mauves », à quelle appellation actuelle cela correspond-il ?', 3, 'Le « vin de Mauves » cité par Victor Hugo dans Les Misérables et versé par l''évêque de Digne à Jean Valjean est en réalité le Saint-Joseph. Il l''est devenu en 1956 par la création de l''AOC Saint-Joseph dont le nom vient d''un coteau situé au sud de la commune de Tournon et qui appartenait au collège jésuites de Saint-Joseph.', 667),
(188, 19, 'Quel est le rendement du Château d’Yquem ?', 3, '9 hectolitres, soit un verre de vin par pied de vigne. La vendange se fait grain par grain, et seuls les raisins très botrytisés sont récoltés.', 428),
(189, 19, 'Qu''est-ce qu''un vin « blanc des noirs » ?', 3, 'La mention est utilisée notamment en Champagne pour décrire les vins issus de raisins rouges (pinot noir ou pinot meunier).', 189),
(190, 19, 'Quel Président des Etats-Unis fit la tournée des Châteaux bordelais en 1787 et dressa son propre classement des meilleurs crus ?', 3, 'Thomas Jefferson classa premiers les quatre Châteaux qui figureront en tête du célèbre classement de 1855.', 430),
(191, 20, 'De quelle ville le cannelé est-il une spécialité ?', 1, 'Le cannelé est un petit gâteau à pâte molle et tendre, parfumée au rhum et à la vanille. Il est normalement recouvert d’une fine croûte caramélisée. On le reconnaît à sa forme de petit cylindre strié. Jacques Chaban-Delmas, le maire de Bordeaux de 1947 à 1995, le faisait régulièrement servir lors des réceptions à l''Hôtel de ville afin que son image soit liée à celle de sa ville.', 191),
(192, 20, 'Lequel de ces desserts contient généralement du café ?', 1, 'L''opéra est constitué d’une succession de biscuit Joconde imbibé d''un sirop au Grand Marnier ou au café, de ganache et de crème au beurre café, recouvert par un glaçage au chocolat. La forêt-noire est montée à partir de génoise au cacao, parfumée au kirsch, fourrée de cerises au sirop et de crème chantilly, recouverte de crème chantilly et décorée de copeaux de chocolat. Le trianon (ou royal) est un gâteau au chocolat constitué d''une dacquoise, d''un croustillant praliné et d''une ganache au chocolat. L''ensemble est saupoudré de cacao.', 192),
(193, 20, 'Comment s’appelle le biscuit qui doit son rose au carmin ?', 1, 'Le biscuit rose de Reims est une spécialité culinaire champenoise. Initialement blanc, le biscuit a été coloré en rose afin d’estomper les fines particules noires extraites de la gousse de vanille. La coutume veut qu''on trempe le biscuit dans du champagne, ou du vin rouge. Ce biscuit peut servir de base à une charlotte.', 433),
(194, 20, 'Le Pithiviers est proche d''un autre dessert. Lequel ?', 1, 'Il s''agit d''un gâteau à base de pâte feuilletée et de crème d''amandes. Il est relativement proche de la galette des Rois mais sa crème d''amande diffère légèrement de la frangipane.', 434),
(195, 20, 'Quelle meringue complète généralement la tarte au citron meringuée ?', 2, 'La meringue est composée uniquement d''un mélange de blancs d''œufs et de sucre La meringue française :elle se réalise en battant des blancs d''œufs avec du sucre semoule. La préparation est ensuite mise au four à 85−90 °C pour « sécher ». La meringue suisse : elle se réalise en montant des blancs d''œufs en neige avec du sucre glace sur un bain-marie. Elle est ensuite cuite à four plus chaud que pour la meringue française. Le résultat est très ferme et moins friable. La meringue italienne : contrairement à ce que son nom peut laisser croire, elle est issue de la pâtisserie française. Elle se réalise en montant des blancs d''œufs en neige avec du sucre cuit. La meringue finale ne se cuit pas. Elle est souvent dorée au chalumeau.', 675),
(196, 20, 'En l’honneur de quel événement le Paris-Brest a-t-il été créé ?', 2, 'La création de cette pâtisserie est attribuée à Louis Durand, un pâtissier de Maisons-Laffitte, qui a conçu en 1910 ce gâteau en forme de roue de bicyclette, pour célébrer la course cycliste Paris-Brest-Paris.', 676),
(197, 20, 'Traditionnellement, un flan parisien :', 2, 'Si Christophe Michalak opte pour le 3è proposition, la recette classique du flan parisien est bien celle d''une crème cuite sur fond de pâte brisée.', 197),
(198, 20, 'Parfois, dans certaines pâtisseries, les  financiers sont présentés sous leur appellation d''origine, à savoir :', 3, 'Les visitandines sont des religieuses de l''ordre de la visitation qui ont inventé l''ancêtre du financier : un gâteau portant leur nom, aux ingrédients similaires, mais en forme de barquette.', 678),
(199, 20, 'Le massepain est une sorte :', 3, 'Le massepain est une pâte confectionnée à base d''amandes mondées et finement moulues, mélangées à du blanc d''œuf et du sucre.', 439),
(200, 20, 'Qu’est-ce que la teurgoule, spécialité normande ?', 3, 'C’est une sorte de riz au lait sucré, généralement parfumé à la cannelle, et cuit à four très doux mais très longtemps, environ cinq heures, dans un plat spécialement conçu à cet usage, de telle façon que les grains de riz ne sont presque plus discernables.', 680),
(201, 21, 'Quel ingrédient ne fait pas partie de la "vraie" recette des pâtes à la carbonara ?', 1, 'Les Italiens ne plaisantent pas avec ce sujet sensible. Dans la recette traditionnelle des pâtes à la carbonara, nul besoin d’ajouter de la crème fraîche ou des oignons. Des œufs, du parmesan et des lardons suffisent. Si vous avez l''habitude d''ajouter de la crème, veillez simplement à ne pas inviter un Italien à votre table au risque de vous exposer à un "carbonaragate", surnom trouvé à ce débat culinaire qui refait régulièrement surface sur internet.', 441),
(202, 21, 'Comment s''appelle le cassoulet brésilien ?', 1, 'La feijoada est un plat très populaire au Brésil et au Portugal, à base de haricots noirs et de viande de porc. Servie souvent le samedi au restaurant, elle est l''occasion de réunions familiales et de rassemblements d''amis.', 682),
(203, 21, 'De quel pays est originaire le burger ?', 1, 'Le hamburger a pour origine le steak de Hambourg, spécialité culinaire notamment servie dans du pain brioché comme plat roboratif des ouvriers dans les cantines allemandes. Ce steak de bœuf haché est le principal plat servi à bord des bateaux de la HAPAG, la ligne maritime qui relie Hambourg à New York.', 683),
(204, 21, 'D''où vient la chakchouka ?', 2, 'La chakchouka est un plat originaire d''Afrique du Nord, plus précisément du Maghreb. Il s''agit d''une sorte de poêlée de poivrons ou de piments verts ou rouges, tomates, oignons et à laquelle s''ajoutent à la fin des œufs. Elle a comme proches cousins la Frita et le Pisto manchego.', 684),
(205, 21, 'De quel pays sont originaire les fortune cookies ?', 2, 'Les premiers fortune cookies ont été servis pour la première fois dans un restaurant japonais de San Francisco en 1914, ou même à la fin du XIXe siècle. C''est un immigrant japonais, Seiichi Kito, qui a lancé le concept en écrivant des messages inspirants pour les introduire dans des biscuits offerts au restaurant.', 205),
(206, 21, 'Comment s''appelle ce plat russe à base de smetana, de paprika, d’oignons, de champignons et de bœuf ?', 2, 'Le bœuf Stroganov est probablement l''une des recettes russes traditionnelles les plus connues au monde. Inventé au XVIIe siècle par le cuisinier français du comte Pavel Stroganoff, ce plat mariant bœuf et champignons émincés, crème fraîche et moutarde, se déguste traditionnellement avec des pommes de terre sautées et des cornichons russes, autrement appelés malossol.', 206),
(207, 21, 'La pavlova est un dessert importé…', 2, 'Ce plat rend hommage à la meilleure ballerine de tous les temps, Anna Pavlova. Australiens et Néo-Zélandais se disputent la paternité de ce dessert, mais les sources tendent à prouver qu''il a été créé en Nouvelle-Zélande.', 687),
(208, 21, 'D''où sont originaires les croissants ?', 3, 'Bien qu''il soit un des symboles de l''art de vivre à la française les plus connus, le croissant est originaire de Vienne, la capitale de l’Autriche.', 448),
(209, 21, 'Le ketchup vient…', 3, 'Au Moyen Age, il s''agissait d’une mixture – sans tomate, un comble – à base de poisson fermenté dans de la saumure et avec des épices pour en relever le goût, à l''image du nuoc-mâm vietnamien. Cette sauce a été découverte par des explorateurs britanniques, qui ont importé la fameuse recette entre la fin du XVIIe et le début du XVIIIe siècle. Baptisée «ké-tsiap», son nom d’origine a alors été transformé en «ketchup» par simple déformation linguistique.', 689),
(210, 21, 'Le mafé est un plat traditionnel…', 3, 'Le mafé est un ragoût malien répandu en Afrique de l''Ouest (Mali, Sénégal, Gambie, Mauritanie etc.) composé de riz et d''une sauce onctueuse à la pâte d''arachide et à la tomate, avec souvent de la viande ou du poisson, et des légumes.', 210),
(211, 22, 'Quel épisode de la Guerre d''Espagne le tableau Guernica raconte-t-il ?', 1, 'La ville de Guernica y Luno, en Pays basque espagnol est considérée comme sainte par les Basques. Pendant la guerre civile, le lundi 26 avril 1937, entre 16 h 15 et 19 h 30, des vagues successives d''avions allemands de la Légion Condor (au service des nationalistes espagnols commandés par le général Franco), bombardent la ville et mitraillent la population civile à plusieurs reprises. Pour la première fois dans l''histoire une agglomération civile est attaquée par un déluge de bombes au phosphore (le phosphore brûle à l''air libre). Le centre historique de Guernica est complètement détruit. Il y a 1 654 morts et 889 blessés, sur une population de 7 000 habitants.', 211),
(212, 22, 'De quel mouvement Picasso est-il considéré, avec Braque, comme l''instigateur ?', 1, 'Le cubisme fut l''un des grands mouvements modernes du premier quart du XXe siècle. Élaboré, sous l''influence de Cézanne, par Pablo Picasso et Georges Braque en première ligne, le cubisme s''est construit de manière hermétique avant d''intéresser de nombreux peintres, tels que Juan Gris, Fernand Léger et Robert Delaunay. Le cubisme propose une déconstruction conceptuelle du réel, jamais abstraite, mais démultipliant les points de vue sur l''objet.', 692),
(213, 22, 'Quelles sont les couleurs de ses deux périodes successives du début du XXe siècle ?', 1, 'La période bleue est une importante période de la production artistique de Pablo Picasso, située entre 1901 et 1904. Elle tire son nom de la teinte dominante des tableaux que peint le jeune artiste, alors à peine âgé de 20 ans. Elle constitue la première de la dizaine de variations stylistiques que connaîtra la production artistique picassienne ; elle précède sa période rose (1904-1906).', 213),
(214, 22, 'Pourquoi les Demoiselles d''Avignon a fait scandale ?', 1, 'Henri Matisse, André Derain, Georges Braque et Guillaume Apollinaire qui découvrent le tableau, le perçoivent comme un acte de « terrorisme ». Derain dira même au collectionneur et marchand d''art Daniel-Henry Kahnweiler : « Un jour, nous apprendrons que Picasso s''est pendu derrière sa grande toile ». Le corps de ces prostituées perçu comme mutilé est à l''origine de cet effroi.', 694),
(215, 22, 'Quelle peinture célèbre a-t-il revisité ?', 2, 'En 1961, près d''un siècle après le Déjeuner de Manet, Pablo Picasso choisit de s''attaquer à ce grand monument de l''art moderne. En moins de deux ans, Pablo Picasso a réalisé 26 toiles (le musée d''Orsay en présente 14 versions), six gravures sur linoléum et 140 dessins d''après le tableau de Manet.', 695),
(216, 22, 'On ne connait pas le nombre exact de ses œuvres mais on pense qu''il y en a :', 2, 'Il a produit près de 50 000 œuvres dont 1 885 tableaux, 1 228 sculptures, 2 880 céramiques, 7 089 dessins, 342 tapisseries, 150 carnets de croquis et 30 000 estampes (gravures, lithographies, etc.).', 696),
(217, 22, 'Pour quel bâtiment parisien Picasso a-t-il réalisé la fresque La chute d''Icare ?', 2, 'Le siège de l''UNESCO - La décoration murale composée de quarante panneaux de bois plaqué peint à l’acrylique a été installé en 1958 dans le hall du foyer des délégués de l''UNESCO. C''est Georges Salles qui en a suggéré le titre, La Chute d''Icare, qui est venu se substituer au titre original de la fresque, Les Forces de la Vie et de l''Esprit triomphant du Mal.', 217),
(218, 22, 'Pour quelle troupe de danseurs a-t-il dessiné les décors ?', 3, 'Dès ses plus jeunes années, Picasso s’intéresse à la représentation des corps en mouvement, mais sa rencontre avec le monde de la danse intervient en 1916. Alors que Jean Cocteau commence à travailler sur son ballet Parade avec le compositeur Erik Satie, il fait la rencontre de Picasso. Serge Diaghilev, l''impresario des Ballets russes, commande à Cocteau un ballet étonnant, et l''auteur compte sur le peintre pour marquer les esprits.', 218),
(219, 22, 'À partir de quoi Picasso a créé une tête de taureau ?', 3, 'Picasso explique à Brassaï : « Devinez comment j''ai fait cette tête de taureau ? Un jour, j''ai trouvé dans un tas d''objets pêle-mêle une vieille selle de vélo juste à côté d''un guidon rouillé de bicyclette... En un éclair ils se sont associés dans mon esprit… L''idée de cette tête de taureau m''est venue sans que j''y ai pensé... Je n''ai fait que les souder ensemble... ».', 459),
(220, 22, 'Quelle toile Picasso a-t-il présenté à l''Exposition universelle de 1900 à Paris ?', 3, 'Les Derniers moments - Le tableau est présenté à l''Exposition universelle de 1900 dans la section espagnole. C''est alors un grand honneur pour le jeune peintre d’avoir été sélectionné par le gouvernement de son pays pour représenter officiellement l''Espagne.', 700),
(221, 23, 'Qui a initié Claude Monet à la pratique de la peinture en plein air ?', 1, 'Eugène Boudin initiera Claude Monet à la peinture en plein-air, notamment lors des séjours à la ferme Saint-Siméon à Honfleur où se retrouvent régulièrement de nombreux peintres parisiens et normands. Monet dira de lui « Si je suis devenu peintre, c''est à Boudin que je le dois » car son maître et ami lui apprend « à voir et à comprendre ».', 221),
(222, 23, 'Où Claude Monet a-t-il servi dans l''armée française ?', 1, 'En 1859, il va étudier la peinture à Paris où il intègre l''Académie suisse. Sa formation est mise un temps de côté en 1861 lors de son départ en Algérie pour le service militaire. Il sera de retour à Paris en 1862.', 462),
(223, 23, 'Quelle peinture a-t-il répété plusieurs fois ?', 1, 'Les Nymphéas est une série d''environ 250 peintures à l''huile élaborées par Claude Monet pendant les 31 dernières années de sa vie.', 703),
(224, 23, 'Laquelle de ces œuvres n''est pas signée Claude Monet ?', 1, 'Jeunes filles au piano est un tableau d''Auguste Renoir réalisé en 1892 pendant sa période dite nacrée. Il est conservé au musée d''Orsay à Paris.', 464),
(225, 23, 'Quand Claude Monet a-t-il peint Impression, soleil levant ?', 2, 'Claude Monet avait initialement nommé cette toile Vue du Havre. Seulement lorsqu''il choisit de l''exposer en avril 1874, pour la première exposition de la Société anonyme des artistes peintres, sculpteurs et graveurs, il change le titre. Pour le catalogue, il indique « Mettez Impression ».', 465),
(226, 23, 'Claude Monet a réalisé une série de peinture d’une cathédrale. Laquelle ?', 2, 'Claude Monet a consacré 18 toiles à la cathédrale de Rouen, jouant avec la lumière à différentes saisons et moments de la journée. Classée au titre des monuments historiques, elle possède une architecture gothique des 12e et 13e siècle. Dans les années 1890, Claude Monet se consacre à la représentation de la cathédrale. Un siècle plus tard, Roy Lichtenstein, vint également la peindre.', 226),
(227, 23, 'En 1883, il tombe sur un petit village et loue deux acres de terre. Quel est le nom de ce village où il a passé le reste de sa vie ?', 2, 'Ses peintures sont devenues très populaires et se vendaient facilement et grâce à cette richesse accrue, il lui était désormais possible d''acheter et d''agrandir la propriété. Il a importé des plantes exotiques, construit un beau jardin, des serres et conçu des plans de plantation complexes. La zone est toujours entretenue et est la propriété de la France et attire des milliers de visiteurs chaque année. Le Havre est l''endroit où Monet a passé son enfance et il a vécu à Vétheuile pendant trois ans avant de s''installer à Poissy. Il n''était pas heureux de vivre à Poissy et c''est à ce moment-là qu''il a trouvé et est tombé amoureux de Giverny', 227),
(228, 23, 'Quand a-t-il peint La Plage de Sainte-Adresse?', 3, 'La Plage de Sainte-Adresse est un tableau peint par Claude Monet en 1867 représentant la plage de Sainte-Adresse en Normandie. Il mesure 75,8 cm de haut sur 102,5 cm de large. Il est conservé à l''Art Institute of Chicago et se rattache au mouvement de l''impressionnisme.', 228),
(229, 23, 'Où a-t-il fuit pour éviter la guerre franco-prussienne ?', 3, 'Monet, qui avait traversé la Manche en 1870 pour échapper à la conscription, rencontre également à Londres un autre artiste exilé, Charles-François Daubigny, qui l''introduit auprès du marchand d''art français Paul Durant-Ruel, qui jouera un rôle important dans la suite de sa carrière picturale. Le premier séjour de Monet en Angleterre est toutefois marqué par d''importantes difficultés financières, à l''inverse du très anglophile et prospère James Tissot.', 469),
(230, 23, 'Après la Première Guerre mondiale, Monet contacte son vieil ami Georges Clemenceau (Premier ministre français) et fait don de sa série de nénuphars à la France. Dans quel musée sont-ils sont toujours exposés?', 3, 'En 1922, Monet a signé le contrat pour exposer ses nénuphars au musée. Il a fallu cinq ans avant que l''exposition ne soit ouverte au public. Le musée de l''Orangerie est la galerie d''art des peintures «impressionnistes» et «post-impressionnistes». Il est célèbre comme la maison permanente des huit peintures murales de nénuphars de Monet. Malheureusement, Monet est décédé d''un cancer du poumon le 5 décembre 1926 avant l''exposition publique au musée. Le musée d''Orsay expose principalement l''art français de 1848 à 1915 avec des peintures, des sculptures, du mobilier et de la photographie. Il contient cependant la plus grande collection de chefs-d''œuvre impressionnistes et post-impressionnistes au monde. Le Louvre est l''un des plus grands musées du monde et le Jeu de Paume est un centre d''art pour la photographie et les médias modernes et postmodernes.', 470),
(231, 24, 'D''abord influencé par le futurisme au début des années 20, puis par le cubisme, quel mouvement épouse-t-il à partir de 1929 ?', 1, 'Dalí est sans conteste l''un des principaux animateurs et l''un des peintres les plus connus du mouvement surréaliste, figure emblématique de la peinture ultra-réaliste inspirée par les toiles de De Chirico et incarnée en outre par Tanguy et Magritte. Thuriféraire de la tradition académique européenne, admirateur inconditionnel de la « photographie conforme » d''un Vermeer ou d''un Meissonier, sa tendance au classicisme, une fois détachée de la représentation illusionniste de visions oniriques, fournira l''un des motifs de son exclusion du groupe surréaliste.', 231),
(232, 24, 'Quel est le nom de la méthode qu''il a inventé ?', 1, 'La méthode paranoïaque-critique, ou paranoïa-critique, est un procédé de création inventé pour tous les arts par Salvador Dalí. Il le définit comme « une méthode spontanée de connaissance irrationnelle, basée sur l''objectivation critique et systématique des associations et interprétations délirantes ».', 472),
(233, 24, 'Quel était le surnom de Salvador Dalí?', 1, 'On l''appelait « Avida Dollars ». Un surnom formé avec les lettres de son nom par André Breton, le pape du mouvement surréaliste.', 713),
(234, 24, 'Dans le Théâtre-Musée Dalí, la salle principale est surplombée par... ', 2, 'Le théâtre-musée Dalí est un musée consacré à l''artiste Salvador Dalí, situé dans la ville catalane de Figueras en Espagne. Inauguré en 1974, il est construit sur les restes de l’ancien théâtre municipal de Figueras détruit à la fin de la guerre civile.', 474),
(235, 24, 'Qui a prêté à Dalí les cinq cents dollars dont il avait besoin pour faire son premier voyage à New York en 1934 ?', 2, 'Dalí et Picasso étaient amis de temps en temps pendant la majeure partie de leur vie. Ils se sont rencontrés pour la première fois en 1925 lorsque Picasso, déjà célèbre à l''époque, est venu voir la première exposition personnelle de Dalí à Barcelone. Apparemment, il a aimé ce qu''il a vu. Picasso a également réservé et payé le passage de Dalí en Amérique en 1940, quelques semaines à peine avant l''arrivée des nazis en France.', 475),
(236, 24, 'Quel camp soutenait Dalí pendant la guerre civile espagnole ?', 2, 'Beaucoup plus tard, après la Seconde Guerre mondiale, Salvador Dalí est devenu un catholique fidèle et un partisan de Franco.', 716),
(237, 24, 'Que portait Dalí lors du vernissage de l''exposition surréaliste de Londres en 1936 ?', 2, 'Il portait une combinaison de plongée, avec un casque en laiton et des bottes en plomb. Il a proclamé haut et fort que ce costume désagréable était la source de son énergie créatrice. Dalí était un auto-promoteur éhonté, il n''a jamais manqué une occasion de choquer ou de dérouter son public. Cet incident célèbre était typique du comportement bizarre et excentrique de Dalí. Il était probablement plus soucieux de façonner sa personnalité publique que tout autre artiste du XXe siècle.', 237),
(238, 24, 'Dans quel thriller Hitchcock Dalí a-t-il participé ?', 3, 'Dalí a conçu les décors utilisés dans la séquence de rêve de «Spellbound» en 1946.', 718),
(239, 24, 'Avec quelle équipe de comédie Dalí a-t-il collaboré sur un scénario de film ?', 3, 'Le scénario n''est jamais arrivé à la production, mais Dalí est resté ami avec Harpo pendant de nombreuses années après.', 239),
(240, 24, 'Le roi Juan Carlos d''Espagne a élevé Dalí à la noblesse en 1982 en lui conférant lequel de ces titres ?', 3, 'Le Château Pubol est un château que Dalí a acheté en 1967, rénové et offert en cadeau à sa femme Gala. Elle a emménagé dans le château pour vivre séparément de Dalí en 1969, et y est décédée en 1982 à l''âge de quatre-vingt-huit ans. Après la mort de Gala, Dalí a déménagé au château et y a vécu seul jusqu''en 1984 quand il a été gravement brûlé dans un incendie. Il a créé ses dernières peintures ici en 1983. Après cela, il a déménagé à la Torre Galatea, à côté de son musée de Figueres, et y a vécu en reclus jusqu''à sa mort en 1989.', 480);

--
-- Déchargement des données de la table "tag"
--

INSERT INTO "tag" ("id", "name") VALUES
(1, 'Animaux'),
(2, 'Cinéma'),
(3, 'Culture'),
(4, 'Géographie'),
(5, 'Histoire'),
(6, 'Sciences'),
(7, 'Gastronomie'),
(8, 'Art'),
(9, 'Insolite');

--
-- Déchargement des données de la table "quiz_has_tag"
--

INSERT INTO "quiz_has_tag" ("quiz_id", "tag_id") VALUES
(1, 1),
(1, 1),
(2, 1),
(3, 1),
(4, 2),
(5, 2),
(6, 2),
(6, 9),
(7, 3),
(8, 3),
(8, 8),
(9, 3),
(9, 5),
(10, 4),
(11, 4),
(12, 4),
(13, 5),
(14, 5),
(14, 4),
(15, 5),
(13, 3),
(13, 6),
(16, 6),
(17, 6),
(18, 6),
(16, 3),
(17, 5),
(19, 7),
(20, 7),
(21, 7),
(21, 4),
(22, 8),
(23, 8),
(24, 8),
(22, 3),
(23, 3),
(24, 3);

ALTER TABLE "answer"
    ADD FOREIGN KEY ("question_id") REFERENCES "question" ("id");

COMMIT;

BEGIN;

--
--
SELECT setval('level_id_seq', (SELECT MAX(id) from "level"));
SELECT setval('answer_id_seq', (SELECT MAX(id) from "answer"));
SELECT setval('user_id_seq', (SELECT MAX(id) from "user"));
SELECT setval('question_id_seq', (SELECT MAX(id) from "question"));
SELECT setval('quiz_id_seq', (SELECT MAX(id) from "quiz"));
SELECT setval('tag_id_seq', (SELECT MAX(id) from "tag"));

COMMIT;
